source_wordpress_id,source_surecart_product_id,slug,official_product_name,currency,current_price,sale_price,is_on_sale,collections,source_url,image_urls,short_description,full_description,ingredients,allergens,nutritional_information,shelf_life,storage_instructions,usage_instructions,primary_packaging,weight_format,certifications_dietary_claims,organoleptic_characteristics,source_stock_enabled,source_available_stock,source_allow_out_of_stock_purchases,source_shipping_enabled,source_last_modified,audit_date
3032,802ab1b2-d25f-42b1-9670-217762d8df8d,ragu-vegano,Ragù vegano con soia 180 gr,EUR,4.26,,false,Sughi,https://ugolinigourmet.it/prodotto/ragu-vegano/,https://ugolinigourmet.it/wp-content/uploads/2023/01/8862-ragu-vegano-ugolini-gourmet-4.jpg | https://ugolinigourmet.it/wp-content/uploads/2023/01/8862-ragu-vegano-ugolini-gourmet-3.jpg | https://ugolinigourmet.it/wp-content/uploads/2023/01/8862-ragu-vegano-ugolini-gourmet-2.jpg | https://ugolinigourmet.it/wp-content/uploads/2023/01/8862-ragu-vegano-ugolini-gourmet-1.jpg,"Il ragù vegano con la soia è l’alternativa vegana e vegetariana al classico ragù alla bolognese. Abbiamo creato questa ricetta per chi non vuole mangiare carne, con l’intenzione di fornire loro un prodotto gustoso che non ha nulla da invidiare al classico ragù fatto con carne. Beh, lo facciamo con pura passata di pomodoro italiano, verdure e soia. Sarà quasi “impossibile” distinguere la ricetta originale da quella vegana. Così puoi cucinare una buona pasta per tutti i tuoi amici, vegani e non vegani. Provare per credere!","Il ragù vegano con la soia è l’alternativa vegana e vegetariana al classico ragù alla bolognese. Abbiamo creato questa ricetta per chi non vuole mangiare carne, con l’intenzione di fornire loro un prodotto gustoso che non ha nulla da invidiare al classico ragù fatto con carne. Beh, lo facciamo con pura passata di pomodoro italiano, verdure e soia. Sarà quasi “impossibile” distinguere la ricetta originale da quella vegana. Così puoi cucinare una buona pasta per tutti i tuoi amici, vegani e non vegani. Provare per credere!","Polpa di pomodoro italiano 58%, soia reidratata 25% (acqua, proteine della soia 30%), olio extravergine di oliva, carote, cipolla, sedano, sale, zucchero, erbe aromatiche, spezie, acidificante: acido citrico. Può contenere tracce di glutine. Il prodotto non contiene OGM.","Contiene: soia, sedano. Può contenere tracce di glutine.","Energia: 262 kJ / 63 kcal
Grassi: 3,0 gr di cui acidi grassi saturi 0,5 gr
Carboidrati: 3,4 gr di cui zuccheri 3,0 gr
Proteine: 4,3 gr
Sale: 1,4 gr",Da consumare entro 24 mesi. Shelf life garantita: 3/4 (18 mesi).,,"Tal quale, pronto all’uso.",Vaso vetro + capsula in banda stagnata.,180 gr,vegano | non contiene OGM,"Consistenza: cremosa
Colore: rosso tendente all’arancione
Odore: tipico della polpa di pomodoro e della soia
Sapore: tipico della polpa di pomodoro e della soia",true,0,false,true,2024-11-12T05:37:12,2026-08-24
3009,5d5f4f2e-9b93-4b5d-a1d2-033ef051300d,bruschetta-piccantina,"Bruschetta piccantina, salsa di pomodoro piccante senza glutine 180 gr",EUR,4.02,,false,Sughi,https://ugolinigourmet.it/prodotto/bruschetta-piccantina/,https://ugolinigourmet.it/wp-content/uploads/2023/01/8756-bruschetta-piccantina-ugolini-gourmet-1.jpg | https://ugolinigourmet.it/wp-content/uploads/2023/01/8756-bruschetta-piccantina-ugolini-gourmet-2.jpg | https://ugolinigourmet.it/wp-content/uploads/2023/01/8756-bruschetta-piccantina-ugolini-gourmet-3.jpg | https://ugolinigourmet.it/wp-content/uploads/2023/01/8756-bruschetta-piccantina-ugolini-gourmet-4.jpg,"La nostra Bruschetta Piccantina è una salsa di pomodoro dal tocco piccante, ideale per arricchire i tuoi momenti di convivialità con un sapore indimenticabile. Perfetta come accompagnamento per patatine fritte o per guarnire deliziosi crostini di pane durante un gustoso aperitivo, questa salsa si presta anche perfettamente per essere servita con una bourguignonne, da abbinare a carne alla griglia o per aggiungere sapore alla preparazione di hamburger.","La nostra Bruschetta Piccantina è una salsa di pomodoro dal tocco piccante, ideale per arricchire i tuoi momenti di convivialità con un sapore indimenticabile. Perfetta come accompagnamento per patatine fritte o per guarnire deliziosi crostini di pane durante un gustoso aperitivo, questa salsa si presta anche perfettamente per essere servita con una bourguignonne, da abbinare a carne alla griglia o per aggiungere sapore alla preparazione di hamburger.","Concentrato di pomodoro (50%), olio di semi di girasole, prezzemolo, aceto di vino, acciughe, olio extravergine di oliva, sale, peperoncino (0,2%), aglio. Il prodotto non contiene OGM.",Contiene: pesce. Può contenere tracce di frutta a guscio e latte. Senza Glutine.,"Energia: 1283 kJ / 310 kcal
Grassi: 28 gr di cui acidi grassi saturi 3,0 gr
Carboidrati: 10 gr di cui zuccheri 6,8 gr
Proteine: 3,3 gr
Sale: 3,6 gr",Da consumare entro 24 mesi. Shelf life garantita: 3/4 (18 mesi).,,"Tal quale, pronto all’uso.",Vaso vetro + capsula in banda stagnata.,180 gr,senza glutine | non contiene OGM,"Consistenza: cremosa
Colore: rosso scuro
Odore: tipico del concentrato di pomodoro
Sapore: tipico del pomodoro, leggermente piccante",true,155,false,true,2025-11-25T13:03:50,2026-08-24
3033,d3f3f2e0-4f3c-4c4b-ab77-fa02ea8da38d,salsa-tartufata,"Salsa tartufata, salsa al tartufo nero senza glutine 180 gr",EUR,5.4,,false,Salse con tartufo,https://ugolinigourmet.it/prodotto/salsa-tartufata/,https://ugolinigourmet.it/wp-content/uploads/2023/01/9272-salsa-al-tartufo-nero-ugolini-gourmet-1-scaled.jpg | https://ugolinigourmet.it/wp-content/uploads/2023/01/9272-salsa-al-tartufo-nero-ugolini-gourmet-2-scaled.jpg,"Se vuoi mostrare l’eleganza nei tuoi piatti senza rinunciare alla naturalezza e al sapore delle cose semplici prova la nostra Salsa Tartufata al Tartufo Nero. Quella preparazione è la regina dei sughi “pronti”. Si prepara con Tartufo Nero ed è ideale da abbinare a piatti semplici come la pasta all’uovo, uova fritte e carne cruda. Un connubio ideale di gusto e precisione.","Se vuoi mostrare l’eleganza nei tuoi piatti senza rinunciare alla naturalezza e al sapore delle cose semplici prova la nostra Salsa Tartufata al Tartufo Nero. Quella preparazione è la regina dei sughi “pronti”. Si prepara con Tartufo Nero ed è ideale da abbinare a piatti semplici come la pasta all’uovo, uova fritte e carne cruda. Un connubio ideale di gusto e precisione.","Funghi champignon (Agaricus bisporus) 50%, olio di semi di girasole, panna, cipolla, tartufo d’estate 1% (Tuber aestivum Vitt.), sale, olio extravergine di oliva, aglio, prezzemolo, pepe, acidificante: acido lattico; aroma. Il prodotto non contiene OGM.",Contiene: latte. Può contenere tracce di frutta a guscio. Senza Glutine.,"Energia: 1193 kJ / 290 kcal
Grassi: 30 gr di cui acidi grassi saturi 4,6 gr
Carboidrati: 1,7 gr di cui zuccheri 1,1 gr
Proteine: 2,5 gr
Sale: 1,7 gr",Da consumare entro 24 mesi. Shelf life garantita: 3/4 (18 mesi).,,"Tal quale, pronto all’uso.",Vaso vetro + capsula in banda stagnata.,180 gr,senza glutine | non contiene OGM,"Consistenza: cremosa
Colore: marrone chiaro
Odore: tipico dei funghi e del tartufo
Sapore: tipico dei funghi e del tartufo",true,17,false,true,2024-11-12T05:37:13,2026-08-24
3010,b1639e3d-530f-4847-9fd8-d1613244b9a5,confit-cipolle-rosse,Confit di cipolle rosse all’aceto balsamico di Modena IGP senza glutine 220 gr,EUR,5.94,,false,Marmellate,https://ugolinigourmet.it/prodotto/confit-cipolle-rosse/,https://ugolinigourmet.it/wp-content/uploads/2022/05/confit-cipolle-rosse-ugolini-gourmet-14.jpg | https://ugolinigourmet.it/wp-content/uploads/2023/01/8763-confit-cipolle-rosse-ugolini-gourmet-1.jpg | https://ugolinigourmet.it/wp-content/uploads/2023/01/8763-confit-cipolle-rosse-ugolini-gourmet-2.jpg | https://ugolinigourmet.it/wp-content/uploads/2023/01/8763-confit-cipolle-rosse-ugolini-gourmet-3.jpg | https://ugolinigourmet.it/wp-content/uploads/2023/01/8763-confit-cipolle-rosse-ugolini-gourmet-4.jpg | https://ugolinigourmet.it/wp-content/uploads/2023/01/8763-confit-cipolle-rosse-ugolini-gourmet-5.jpg | https://ugolinigourmet.it/wp-content/uploads/2023/01/8763-confit-cipolle-rosse-ugolini-gourmet-6.jpg | https://ugolinigourmet.it/wp-content/uploads/2023/01/8763-confit-cipolle-rosse-ugolini-gourmet-7.jpg | https://ugolinigourmet.it/wp-content/uploads/2023/01/8763-confit-cipolle-rosse-ugolini-gourmet-8.jpg | https://ugolinigourmet.it/wp-content/uploads/2023/01/8763-confit-cipolle-rosse-ugolini-gourmet-9.jpg | https://ugolinigourmet.it/wp-content/uploads/2023/01/8763-confit-cipolle-rosse-ugolini-gourmet-10.jpg | https://ugolinigourmet.it/wp-content/uploads/2023/01/8763-confit-cipolle-rosse-ugolini-gourmet-11.jpg | https://ugolinigourmet.it/wp-content/uploads/2023/01/8763-confit-cipolle-rosse-ugolini-gourmet-12.jpg | https://ugolinigourmet.it/wp-content/uploads/2023/01/8763-confit-cipolle-rosse-ugolini-gourmet-13.jpg | https://ugolinigourmet.it/wp-content/uploads/2023/01/8763-confit-cipolle-rosse-ugolini-gourmet-14.jpg | https://ugolinigourmet.it/wp-content/uploads/2023/01/8763-confit-cipolle-rosse-ugolini-gourmet-15.jpg,"La confit di cipolle rosse all’aceto balsamico di Modena IGP è una marmellata particolare caratterizzata da note agrodolci e da un intenso colore bruno-violaceo. Questa salsa è ideale con formaggio, glorifica il sapore, senza sopraffare al gusto, o in abbinamento a vari tipi di carne. Un consiglio: provatelo con il “Lardo di Colonnata” o con uno speciale “Prosciutto crudo di Parma”. È una rarità dal gusto unico, una delizia da servire a tavola.","La confit di cipolle rosse all’aceto balsamico di Modena IGP è una marmellata particolare caratterizzata da note agrodolci e da un intenso colore bruno-violaceo. Questa salsa è ideale con formaggio, glorifica il sapore, senza sopraffare al gusto, o in abbinamento a vari tipi di carne. Un consiglio: provatelo con il “Lardo di Colonnata” o con uno speciale “Prosciutto crudo di Parma”. È una rarità dal gusto unico, una delizia da servire a tavola.","Cipolle rosse 60%, zucchero, vino Barbera d’Alba DOC, olio extra vergine di oliva, “aceto balsamico di Modena I.G.P.” 3% (mosto d’uva cotto, aceto di vino), sale. Può contenere tracce di sedano. Il prodotto non contiene OGM.",Può contenere tracce di sedano. Senza Glutine.,"Energia: 1076 kJ / 254 kcal
Grassi: 0,4 gr di cui acidi grassi saturi 0,1 gr
Carboidrati: 59 gr di cui zuccheri 58 gr
Proteine: 1,9 gr
Sale: 0,02 gr",Da consumare entro 24 mesi.,,"Tal quale, pronto all’uso.",Vaso vetro + capsula in banda stagnata.,220 gr,senza glutine | IGP | non contiene OGM,"Consistenza: cremosa con pezzi di cipolla
Colore: viola scuro
Odore: tipico delle cipolle rosse
Sapore: tipico delle cipolle rosse",true,231,false,true,2024-11-12T05:37:05,2026-08-24
3034,2c1b177e-e7db-497b-b54b-ffb651a0a8f9,sugo-arrabbiata,"Sugo all’arrabbiata, salsa di polpa di pomodoro senza glutine 180 gr",EUR,3.15,,false,Sughi,https://ugolinigourmet.it/prodotto/sugo-arrabbiata/,https://ugolinigourmet.it/wp-content/uploads/2023/01/8848-sugo-allarrabbiata-ugolini-gourmet-1.jpg | https://ugolinigourmet.it/wp-content/uploads/2023/01/8848-sugo-allarrabbiata-ugolini-gourmet-2.jpg | https://ugolinigourmet.it/wp-content/uploads/2023/01/8848-sugo-allarrabbiata-ugolini-gourmet-3.jpg | https://ugolinigourmet.it/wp-content/uploads/2023/01/8848-sugo-allarrabbiata-ugolini-gourmet-4-scaled.jpg | https://ugolinigourmet.it/wp-content/uploads/2023/01/8848-sugo-allarrabbiata-ugolini-gourmet-5.jpg,"Il Sugo all’Arrabbiata è uno delle più famose e amate ricette della cucina romana. Pochi e semplici ingredienti per un condimento apprezzato in tutto il mondo. Prepariamo questa salsa utilizzando solo polpa di pomodoro italiana, olio extra vergine di oliva e una spolverata di peperoncino. Un piatto di penne con il nostro sugo all’arrabbiata è l’ideale per tutti gli eventi: ospiti inattesi, una pasta di mezzanotte o un pranzo al sacco dal mare.","Il Sugo all’Arrabbiata è uno delle più famose e amate ricette della cucina romana. Pochi e semplici ingredienti per un condimento apprezzato in tutto il mondo. Prepariamo questa salsa utilizzando solo polpa di pomodoro italiana, olio extra vergine di oliva e una spolverata di peperoncino. Un piatto di penne con il nostro sugo all’arrabbiata è l’ideale per tutti gli eventi: ospiti inattesi, una pasta di mezzanotte o un pranzo al sacco dal mare.","Polpa di pomodoro italiana (82%), olio extra vergine di oliva, cipolle, concentrato di pomodoro, sale, aglio, peperoncino (0,5%), pepe. Il prodotto non contiene OGM.",Può contenere tracce di frutta a guscio e latte. Senza Glutine.,"Energia: 489 kJ / 118 kcal
Grassi: 10 gr di cui acidi grassi saturi 1,4 gr
Carboidrati: 5,2 gr di cui zuccheri 3,7 gr
Proteine: 1,1 gr
Sale: 1,3 gr",Da consumare entro 24 mesi. Shelf life garantita: 3/4 (18 mesi).,,"Tal quale, pronto all’uso.",Vaso vetro + capsula in banda stagnata.,180 gr,senza glutine | non contiene OGM,"Consistenza: cremosa
Colore: rosso brillante
Odore: tipico della polpa di pomodoro
Sapore: tipico della polpa di pomodoro e del peperoncino",true,346,false,true,2024-11-12T05:37:13,2026-08-24
3011,5ef5a72f-2108-4db5-8cbb-26a68da000b9,crema-panna-tartufo-bianchetto,Crema a base di panna e tartufo bianchetto senza glutine 170 gr,EUR,5.1,,false,Salse con tartufo,https://ugolinigourmet.it/prodotto/crema-panna-tartufo-bianchetto/,https://ugolinigourmet.it/wp-content/uploads/2023/01/9265-crema-panna-tartufo-bianchetto-ugolini-gourmet-2-scaled.jpg | https://ugolinigourmet.it/wp-content/uploads/2023/01/9265-crema-panna-tartufo-bianchetto-ugolini-gourmet-1-scaled.jpg | https://ugolinigourmet.it/wp-content/uploads/2023/01/9265-crema-panna-tartufo-bianchetto-ugolini-gourmet-4-scaled.jpg | https://ugolinigourmet.it/wp-content/uploads/2023/01/9265-crema-panna-tartufo-bianchetto-ugolini-gourmet-3-scaled.jpg,"La Crema a base di panna e tartufo bianchetto è un perfetto mix di Parmigiano e tartufo. Un superbo gusto del più importante dei formaggi, arricchito del profumo di tartufo. Un ingrediente di alta qualità di la cucina italiana. Una ricetta semplice, ma preziosa, cremoso e ideale per essere utilizzato in diverse preparazioni: sugo per pasta o condimento per riso, farcitura per pasta ripiena, perfetta da spalmare sul pane arrostito. Un tocco intelligente ed elegante sulla tua tavola!","La Crema a base di panna e tartufo bianchetto è un perfetto mix di Parmigiano e tartufo. Un superbo gusto del più importante dei formaggi, arricchito del profumo di tartufo. Un ingrediente di alta qualità di la cucina italiana. Una ricetta semplice, ma preziosa, cremoso e ideale per essere utilizzato in diverse preparazioni: sugo per pasta o condimento per riso, farcitura per pasta ripiena, perfetta da spalmare sul pane arrostito. Un tocco intelligente ed elegante sulla tua tavola!","Funghi porcini (Boletus edulis e rel. gruppo), olio di semi di girasole, funghi champignon (Agaricus Bisporus), panna, formaggio Parmigiano Reggiano DOP (latte, sale, caglio) (5%), cipolla, tartufo d’estate (Tuber aestivum Vitt.) 1%, sale, olio extravergine di oliva, aglio, prezzemolo, pepe, acidificante: acido lattico; aroma. Il prodotto non contiene OGM.",Contiene: latte. Può contenere frutta a guscio. Senza Glutine.,"Energia: 1216 kJ / 295 kcal
Grassi: 30 gr di cui acidi grassi saturi 5,4 gr
Carboidrati: 1,6 gr di cui zuccheri 1,0 gr
Proteine: 4,0 gr
Sale: 1,7 gr",Da consumare entro 24 mesi. Shelf life garantita: 3/4 (18 mesi).,,"Tal quale, pronto all’uso.",Vaso vetro + capsula in banda stagnata.,170 gr,senza glutine | non contiene OGM,"Consistenza: cremosa
Colore: marrone chiaro
Odore: tipico dei funghi e del tartufo
Sapore: tipico dei funghi e del tartufo",true,0,false,true,2024-11-12T05:37:05,2026-08-24
3035,f08bf086-ffc4-4d6a-946d-c3ccf09f9154,sugo-tartufo-nero,Sugo al tartufo nero senza glutine 180 gr,EUR,3.54,,false,Salse con tartufo | Sughi,https://ugolinigourmet.it/prodotto/sugo-tartufo-nero/,https://ugolinigourmet.it/wp-content/uploads/2023/01/8831-sugo-tartufo-nero-ugolini-gourmet-1.jpg | https://ugolinigourmet.it/wp-content/uploads/2023/01/8831-sugo-tartufo-nero-ugolini-gourmet-2.jpg | https://ugolinigourmet.it/wp-content/uploads/2023/01/8831-sugo-tartufo-nero-ugolini-gourmet-3.jpg | https://ugolinigourmet.it/wp-content/uploads/2023/01/8831-sugo-tartufo-nero-ugolini-gourmet-4.jpg | https://ugolinigourmet.it/wp-content/uploads/2023/01/8831-sugo-tartufo-nero-ugolini-gourmet-5.jpg | https://ugolinigourmet.it/wp-content/uploads/2023/01/8831-sugo-tartufo-nero-ugolini-gourmet-6.jpg | https://ugolinigourmet.it/wp-content/uploads/2023/01/8831-sugo-tartufo-nero-ugolini-gourmet-7.jpg,"Il nostro Sugo al tartufo nero è una salsa versatile, in grado di vestire con eleganza ogni preparazione culinaria. Perfetto per condire la pasta, come le tagliatelle o gli spaghetti, ma anche ideale per esaltare il sapore di carni, pesci e verdure. Una salsa così prelibata è perfetta anche per creare piatti raffinati e sorprendenti, come bruschette o crostini, da gustare in compagnia di amici e famiglia, regalando momenti di condivisione e gioia.","Il nostro Sugo al tartufo nero è una salsa versatile, in grado di vestire con eleganza ogni preparazione culinaria. Perfetto per condire la pasta, come le tagliatelle o gli spaghetti, ma anche ideale per esaltare il sapore di carni, pesci e verdure. Una salsa così prelibata è perfetta anche per creare piatti raffinati e sorprendenti, come bruschette o crostini, da gustare in compagnia di amici e famiglia, regalando momenti di condivisione e gioia.

Lasciati conquistare dalla magia del tartufo nero con il nostro Sugo, una salsa unica nel suo genere, preparata con passione e dedizione per portare in tavola una festa di sapori e profumi. Con il nostro Sugo al tartufo nero, ogni piatto diventa un’esperienza culinaria indimenticabile, che ti porterà alla scoperta di nuovi gusti e nuove emozioni.","Polpa di pomodoro italiana (76%), olio extravergine di oliva, cipolla, concentrato di pomodoro, sale, tartufo d’estate 0,5% (Tuber aestivum Vitt), aglio, pepe, aroma. Il prodotto non contiene OGM.",Può contenere tracce di frutta a guscio e latte. Senza Glutine.,"Energia: 494 kJ / 119 kcal
Grassi: 10 gr di cui acidi grassi saturi 1,5 gr
Carboidrati: 5,6 gr di cui zuccheri 3,8 gr
Proteine: 1,0 gr
Sale: 0,78 gr",Da consumare entro 24 mesi. Shelf life garantita: 3/4 (18 mesi).,,"Tal quale, pronto all’uso.",Vaso vetro + capsula in banda stagnata.,180 gr,senza glutine | non contiene OGM,"Consistenza: cremosa
Colore: rosso brillante
Odore: tipico della polpa di pomodoro e del tartufo
Sapore: tipico della polpa di pomodoro e del tartufo",true,361,false,true,2024-11-12T05:37:13,2026-08-24
3012,9963b28c-e461-4573-92b4-e800baf26c6f,crema-funghi-porcini,Crema ai funghi porcini e champignon senza glutine 180 gr,EUR,4.68,,false,Salse ai funghi,https://ugolinigourmet.it/prodotto/crema-funghi-porcini/,https://ugolinigourmet.it/wp-content/uploads/2023/01/8770-crema-ai-funghi-ugolini-gourmet-1.jpg,"La Crema ai funghi porcini e champignon è una salsa cremosa dalla consistenza gustosa, preparata con più oltre il 50% di funghi divisi tra Porcini e Champignon. È una salsa vegetariana perfetta, preparata con i migliori ingredienti e può essere usata per i risotti, con la pasta fresca, spalmata sul pane o come base per un ripieno. Può essere usata pura o diluita con panna o latte.","La Crema ai funghi porcini e champignon è una salsa cremosa dalla consistenza gustosa, preparata con più oltre il 50% di funghi divisi tra Porcini e Champignon. È una salsa vegetariana perfetta, preparata con i migliori ingredienti e può essere usata per i risotti, con la pasta fresca, spalmata sul pane o come base per un ripieno. Può essere usata pura o diluita con panna o latte.","Funghi porcini (Boletus edulis e rel. gruppo) 33%, olio di semi di girasole, funghi champignon (Agaricus bisporus) 18%, panna, cipolla, olio extravergine di oliva, sale,prezzemolo, aglio, pepe, acidificante: acido lattico; aroma. Il prodotto non contiene OGM.",Contiene: latte. Può contenere tracce di frutta a guscio. Senza Glutine.,"Energia: 1156 kJ / 281 kcal
Grassi: 29 gr di cui acidi grassi saturi 4,6 gr
Carboidrati: 1,7 gr di cui zuccheri 1,1 gr
Proteine: 2,5 gr
Sale: 1,7 gr",Da consumare entro 24 mesi. Shelf life garantita: 3/4 (18 mesi).,,"Tal quale, pronto all’uso.",Vaso vetro + capsula in banda stagnata.,180 gr,senza glutine | non contiene OGM,"Consistenza: cremosa
Colore: marrone chiaro
Odore: tipico dei funghi
Sapore: tipico dei funghi",true,148,false,true,2024-11-12T05:37:06,2026-08-24
3036,dfda95ee-ecba-4f5e-ad80-95e56332deab,tartufo-estivo-intero,Tartufo estivo intero 25 gr,EUR,15,,false,Salse con tartufo,https://ugolinigourmet.it/prodotto/tartufo-estivo-intero/,https://ugolinigourmet.it/wp-content/uploads/2023/01/9302-tartufo-estivo-intero-ugolini-gourmet-1-scaled.jpg | https://ugolinigourmet.it/wp-content/uploads/2023/01/9302-tartufo-estivo-intero-ugolini-gourmet-2-scaled.jpg,"Il Tartufo Estivo Intero da 25 grammi rappresenta una vera e propria gemma culinaria, pronta a portare un tocco di lusso e raffinatezza alle tue preparazioni. Questo pregiato tartufo estivo (Tuber aestivum Vitt.) è stato raccolto con cura e selezionato per offrirti un’esperienza gastronomica straordinaria.","Il Tartufo Estivo Intero da 25 grammi rappresenta una vera e propria gemma culinaria, pronta a portare un tocco di lusso e raffinatezza alle tue preparazioni. Questo pregiato tartufo estivo (Tuber aestivum Vitt.) è stato raccolto con cura e selezionato per offrirti un’esperienza gastronomica straordinaria.

Ogni tartufo è stato immerso in acqua e leggermente insaporito con una nota di sale e aroma, creando un equilibrio perfetto che enfatizza le caratteristiche naturali del tartufo stesso. Questo procedimento, eseguito con grande attenzione, fa sì che ogni tartufo mantenga intatto il suo profumo inconfondibile e il sapore aromatico che lo rendono così prelibato.

La versatilità di questo Tartufo Estivo Intero è davvero eccezionale. È l’ingrediente perfetto per rifinire e impreziosire una vasta gamma di pietanze e antipasti. Puoi grattugiarlo sottilmente su pasta appena cotta, risotti o uova strapazzate per aggiungere un tocco di eleganza e intensità di gusto. Inoltre, il liquido di governo presente all’interno del vasetto è altrettanto prezioso, poiché cattura l’essenza del tartufo e può essere utilizzato come condimento per amplificare ulteriormente il sapore dei tuoi piatti.","Tartufo estivo (Tuber aestivum Vitt.), acqua, sale, aroma.","Il prodotto non contiene sostanze allergeniche o prodotti contenenti tali componenti. Durante la raccolta, il trasferimento e l’elaborazione, il prodotto non è soggetto ad alcun rischio di contaminazione incrociata. Senza Glutine.","Energia: 333 kJ / 80 kcal
Grassi: 1,3 gr di cui acidi grassi saturi 0,2 gr
Carboidrati: 6,4 gr di cui zuccheri 0,5 gr
Fibre: 8,4 gr
Proteine: 6,4 gr
Sale: 0,45 gr",24 mesi.,Temperatura ambiente. Una volta aperto conservare a +2° / +4° e consumare entro 6 giorni.,"Ideale per rifinire pietanze e antipasti. Usare come condimento anche il liquido di governo, presente all’interno del vasetto.",Vaso vetro + capsula in banda stagnata.,25 gr,senza glutine,"Aspetto: solido
Colore: marrone
Odore: tipico
Gusto: naturale, tipico e piacevole
Stato: solido / liquido",true,0,false,true,2024-11-12T05:37:13,2026-08-24
3015,8dec040d-d64b-4b21-bf26-4a0fc887e43b,crema-tartufo-nero,Crema al tartufo nero senza glutine 180 gr,EUR,5.4,,false,Salse ai funghi | Salse con tartufo,https://ugolinigourmet.it/prodotto/crema-tartufo-nero/,https://ugolinigourmet.it/wp-content/uploads/2023/01/8787-crema-al-tartufo-nero-ugolini-gourmet-1.jpg,"La Crema al tartufo nero arricchisce le tavole con il gusto e il profumo di tartufo. Una semplice, ma preziosa ricetta, cremosa e ideale per essere utilizzata in diverse preparazioni: come sugo per la pasta o come condimento per il riso, come ripieno per la pasta ripiena, perfetto da condire spalmato su pane arrostito.","La Crema al tartufo nero arricchisce le tavole con il gusto e il profumo di tartufo. Una semplice, ma preziosa ricetta, cremosa e ideale per essere utilizzata in diverse preparazioni: come sugo per la pasta o come condimento per il riso, come ripieno per la pasta ripiena, perfetto da condire spalmato su pane arrostito.","Funghi champignon (Agaricus bisporus) 50%, olio di semi di girasole, panna, cipolla, tartufo d’estate (Tuber aestivum Vitt.) 1%, sale, olio extravergine di oliva, aglio, prezzemolo, pepe, acidificante: acido lattico; aroma. Il prodotto non contiene OGM.",Contiene: latte. Può contenere tracce di frutta a guscio. Senza Glutine.,"Energia: 1193 kJ / 290 kcal
Grassi: 30 gr di cui acidi grassi saturi 4,6 gr
Carboidrati: 1,7 gr di cui zuccheri 1,1 gr
Proteine: 2,5 gr
Sale: 1,7 gr",Da consumare entro 24 mesi. Shelf life garantita: 3/4 (18 mesi).,,"Tal quale, pronto all’uso.",Vaso vetro + capsula in banda stagnata.,180 gr,senza glutine | non contiene OGM,Consistenza: cremosa Colore: marrone chiaro Odore: tipico dei funghi e del tartufo Sapore: tipico dei funghi e del tartufo,true,0,false,true,2024-11-12T05:37:07,2026-08-24
3016,7a1b8cff-67fb-4f4c-ab71-eb93e2ce002d,crema-carciofi-tartufo-nero,Crema di carciofi e tartufo nero estivo senza glutine 170 gr,EUR,11.7,,false,Salse con tartufo,https://ugolinigourmet.it/prodotto/crema-carciofi-tartufo-nero/,https://ugolinigourmet.it/wp-content/uploads/2023/01/9296-crema-carciofi-tartufo-nero-estivo-ugolini-gourmet-2-scaled.jpg | https://ugolinigourmet.it/wp-content/uploads/2023/01/9296-crema-carciofi-tartufo-nero-estivo-ugolini-gourmet-1-scaled.jpg | https://ugolinigourmet.it/wp-content/uploads/2023/01/9296-crema-carciofi-tartufo-nero-estivo-ugolini-gourmet-3-scaled.jpg,"La nostra Crema di carciofi con tartufo nero estivo al 5% è una deliziosa e raffinata preparazione culinaria, ideale per arricchire i tuoi piatti con un connubio di sapori unici e prelibati. Questa crema è stata sapientemente creata per offrirti una combinazione irresistibile tra la delicatezza dei carciofi e la preziosità del tartufo nero estivo.","La nostra Crema di carciofi con tartufo nero estivo al 5% è una deliziosa e raffinata preparazione culinaria, ideale per arricchire i tuoi piatti con un connubio di sapori unici e prelibati. Questa crema è stata sapientemente creata per offrirti una combinazione irresistibile tra la delicatezza dei carciofi e la preziosità del tartufo nero estivo.","Carciofi 65%, olio extra vergine di oliva, Tartufo estivo 5% (Tuber aestivum Vitt.), sale, aroma, prezzemolo, pepe. Il prodotto non contiene OGM.","Il prodotto non contiene sostanze allergeniche o prodotti contenenti tali componenti. Durante la raccolta, il trasferimento e l’elaborazione, il prodotto non è soggetto ad alcun rischio di contaminazione incrociata. Senza glutine.","Energia: 1141 kJ / 277 kcal
Grassi: 28,1 gr di cui acidi grassi saturi 3,9 gr
Carboidrati: 2,2 gr di cui zuccheri 1,2 gr
Proteine: 1,8 gr",36 mesi.,,"Per sfruttare in modo ottimale le qualità del prodotto, si consiglia di utilizzare una quantità di 35/40 g di prodotto per persona, ripassandola insieme alla pasta direttamente in padella. Se gradito, aggiungere il parmigiano. È ideale come condimento per crostini e primi piatti.",Vaso vetro + capsula in banda stagnata.,170 gr,senza glutine | non contiene OGM,"Consistenza: grana fine
Colore: crema tendente al giallo
Odore: tipico del prodotto, intenso di tartufo
Gusto: tipico e piacevole
Consistenza: compatta e densa
Stato: solido",true,40,false,true,2024-11-12T05:37:07,2026-08-24
3019,24e17f6f-a463-4bb0-a4e3-94707add51d8,ketchup-tartufo-estivo,Ketchup e tartufo estivo senza glutine 90 gr,EUR,8.15,,false,Salse con tartufo,https://ugolinigourmet.it/prodotto/ketchup-tartufo-estivo/,https://ugolinigourmet.it/wp-content/uploads/2023/01/9289-ketchup-tartufo-estivo-ugolini-gourmet-1.jpg | https://ugolinigourmet.it/wp-content/uploads/2023/01/9289-ketchup-tartufo-estivo-ugolini-gourmet-2-scaled.jpg | https://ugolinigourmet.it/wp-content/uploads/2023/01/9289-ketchup-tartufo-estivo-ugolini-gourmet-3-scaled.jpg,"La nostra crema compatta al ketchup con tartufo nero estivo al 3% è una delizia culinaria che unisce il gusto intenso del ketchup con l’aroma pregiato del tartufo nero estivo. Questa crema ha una consistenza setosa e una versatilità senza pari, rendendola perfetta per una varietà di piatti e preparazioni.","La nostra crema compatta al ketchup con tartufo nero estivo al 3% è una delizia culinaria che unisce il gusto intenso del ketchup con l’aroma pregiato del tartufo nero estivo. Questa crema ha una consistenza setosa e una versatilità senza pari, rendendola perfetta per una varietà di piatti e preparazioni.

Il ketchup è la base di questa crema, realizzato con concentrato di pomodoro di alta qualità, zucchero, aceto di vino e aromi naturali. Il suo sapore dolce e leggermente acidulo si sposa alla perfezione con il tartufo nero estivo, creando un connubio di sapori unico ed equilibrato.

Il tartufo nero estivo al 3% è il segreto di questa crema, conferendo un tocco di lusso e raffinatezza a ogni piatto. Il suo aroma terroso e il sapore leggermente nocciolato si fondono armoniosamente con il ketchup, trasformandolo in un condimento gourmet irresistibile.","Ketchup (concentrato di pomodoro 50%, acqua, zucchero, aceto di vino, sale, aromi naturali, addensanti: gomma di xanthan e gomma di guar), Tartufo estivo 3% (Tuber aestivum Vitt.), sale, aroma. Acidificante: Acido lattico E270. Il prodotto non contiene OGM.","Il prodotto non contiene sostanze allergeniche o prodotti contenenti tali componenti. Durante la raccolta, il trasferimento e l’elaborazione, il prodotto non è soggetto ad alcun rischio di contaminazione incrociata. Senza glutine.","Energia: 423 kJ / 100 kcal
Grassi: 1 gr di cui acidi grassi saturi 0,5 gr
Carboidrati: 21 gr di cui zuccheri 15 gr
Proteine: 1,8 gr
Fibre: 0,6 gr
Sale: 2,0 gr",12 mesi.,,"Ideale per condire carne, piatti freddi, carni bollite, insalate.",Vaso vetro + capsula in banda stagnata.,90 gr,senza glutine | non contiene OGM,"Consistenza: crema compatta
Colore: rosso
Odore: tipico del tartufo
Gusto: naturale, tipico e piacevole
Stato: solido",true,28,false,true,2024-11-12T05:37:08,2026-08-24
3020,2c4afa1c-2912-4ecb-8518-fa5e567c4a10,olio-tartufo-bianco,Olio extra vergine di oliva al tartufo bianco 250 ml,EUR,8.97,,false,Olio al tartufo,https://ugolinigourmet.it/prodotto/olio-tartufo-bianco/,https://ugolinigourmet.it/wp-content/uploads/2023/01/9371-olio-extra-vergine-di-oliva-al-tartufo-bianco-ugolini-gourmet-250ml-squared-scaled.jpg | https://ugolinigourmet.it/wp-content/uploads/2023/01/9371-olio-extra-vergine-di-oliva-al-tartufo-bianco-ugolini-gourmet-7-scaled.jpg,"Condimento aromatizzato al tartufo bianco a base di olio extra vergine di oliva. È ideale come condimento per crostini e ripieni per antipasti primi e secondi piatti, frittate e comunque come base per tutte le pietanze al tartufo.","Condimento aromatizzato al tartufo bianco a base di olio extra vergine di oliva. È ideale come condimento per crostini e ripieni per antipasti primi e secondi piatti, frittate e comunque come base per tutte le pietanze al tartufo.

Questo sublime condimento aromatizzato al tartufo bianco, con la sua base di olio extra vergine di oliva, è una vera prelibatezza culinaria. Il suo gusto raffinato e l’aroma inconfondibile del tartufo bianco lo rendono perfetto per elevare il sapore di numerosi piatti, trasformando ogni preparazione in una vera e propria esperienza gourmet.

L’olio extra vergine di oliva, selezionato con cura per la sua qualità superiore e il gusto fruttato, costituisce la base ideale per accogliere il profumo avvolgente del tartufo bianco. Questa fusione di sapori crea una sinergia gastronomica unica, che rende ogni piatto speciale e memorabile.",,,,,,"Per sfruttare in modo ottimale le qualità del prodotto, si consiglia di utilizzare un cucchiaino di olio per persona. È ideale come condimento per crostini e ripieni per antipasti primi e secondi piatti, frittate e comunque come base per tutte le pietanze al tartufo.",Bottiglia di vetro.,250 ml,,"Aspetto: liquido
Colore: varia dal verde al giallo
Odore: caratteristico del tartufo
Gusto: fruttato, maturo
Consistenza: liquida Stato: liquido",true,199,false,true,2024-11-12T05:37:08,2026-08-24
3021,99ea0e43-155e-4bad-8801-4842f53f0099,olio-tartufo-nero,Olio extra vergine di oliva al tartufo nero 250 ml,EUR,8.7,,false,Olio al tartufo,https://ugolinigourmet.it/prodotto/olio-tartufo-nero/,https://ugolinigourmet.it/wp-content/uploads/2023/01/9364-olio-extra-vergine-di-oliva-al-tartufo-nero-ugolini-gourmet-8-scaled.jpg | https://ugolinigourmet.it/wp-content/uploads/2023/01/9364-olio-extra-vergine-di-oliva-al-tartufo-nero-ugolini-gourmet-250ml-7-scaled.jpg,"Condimento aromatizzato al tartufo nero a base di olio extra vergine di oliva. È ideale come condimento per crostini e ripieni per antipasti primi e secondi piatti, frittate e comunque come base per tutte le pietanze al tartufo.","Condimento aromatizzato al tartufo nero a base di olio extra vergine di oliva. È ideale come condimento per crostini e ripieni per antipasti primi e secondi piatti, frittate e comunque come base per tutte le pietanze al tartufo.

Questo prelibato condimento aromatizzato al tartufo nero, con la sua base di olio extra vergine di oliva, è un’esperienza culinaria di puro piacere. La sua raffinatezza e versatilità lo rendono perfetto per esaltare il gusto di molte pietanze, donando loro un tocco di lusso e prelibatezza.

L’olio extra vergine di oliva, con la sua qualità superiore e il gusto fruttato, forma la base perfetta per accogliere l’aroma inconfondibile del tartufo nero. Questa sinergia di sapori è un vero e proprio inno alla bontà gastronomica, che trasforma ogni piatto in un’esperienza indimenticabile.",,,,,,"Per sfruttare in modo ottimale le qualità del prodotto, si consiglia di utilizzare un cucchiaino di olio per persona. È ideale come condimento per crostini e ripieni per antipasti primi e secondi piatti, frittate e comunque come base per tutte le pietanze al tartufo.",Bottiglia di vetro.,250 ml,,"Aspetto: liquido
Colore: varia dal verde al giallo
Odore: caratteristico del tartufo
Gusto: fruttato, maturo
Consistenza: liquida Stato: liquido",true,193,false,true,2024-11-12T05:37:09,2026-08-24
3024,6d76d8e1-0951-4d4a-913f-248eb5374b35,pesto-genovese,Pesto alla Genovese senza glutine 180 gr,EUR,3.45,,false,Pesto,https://ugolinigourmet.it/prodotto/pesto-genovese/,https://ugolinigourmet.it/wp-content/uploads/2023/01/8800-pesto-alla-genovese-ugolini-gourmet-1.jpg | https://ugolinigourmet.it/wp-content/uploads/2023/01/8800-pesto-alla-genovese-ugolini-gourmet-2.jpg | https://ugolinigourmet.it/wp-content/uploads/2023/01/8800-pesto-alla-genovese-ugolini-gourmet-3.jpg | https://ugolinigourmet.it/wp-content/uploads/2023/01/8800-pesto-alla-genovese-ugolini-gourmet-4.jpg | https://ugolinigourmet.it/wp-content/uploads/2023/01/8800-pesto-alla-genovese-ugolini-gourmet-5.jpg | https://ugolinigourmet.it/wp-content/uploads/2023/01/8800-pesto-alla-genovese-ugolini-gourmet-6.jpg | https://ugolinigourmet.it/wp-content/uploads/2023/01/8800-pesto-alla-genovese-ugolini-gourmet-7.jpg | https://ugolinigourmet.it/wp-content/uploads/2023/01/8800-pesto-alla-genovese-ugolini-gourmet-8.jpg | https://ugolinigourmet.it/wp-content/uploads/2023/01/8800-pesto-alla-genovese-ugolini-gourmet-9.jpg | https://ugolinigourmet.it/wp-content/uploads/2023/01/8800-pesto-alla-genovese-ugolini-gourmet-10.jpg,Il Pesto alla Genovese si prepara con l’utilizzo solo di basilico italiano (36%). Il profumo delicato di basilico si unisce ad una forte nota di un ottimo formaggio italiano: Pecorino. È in questo modo che tutti gli ingredienti si sposino per creare una ricetta dalla consistenza più densa: ideale per entrambi i primi piatti e salse spalmabili.,"Il Pesto alla Genovese si prepara con l’utilizzo solo di basilico italiano (36%). Il profumo delicato di basilico si unisce ad una forte nota di un ottimo formaggio italiano: Pecorino. È in questo modo che tutti gli ingredienti si sposino per creare una ricetta dalla consistenza più densa: ideale per entrambi i primi piatti e salse spalmabili.

Il Pesto alla Genovese è la scelta perfetta per condire entrambi i primi piatti e salse spalmabili. Le paste, dai formati più vari, si trasformano in autentiche opere d’arte culinaria, mentre le salse spalmabili arricchiscono ogni piatto, rendendolo un’esperienza unica e indimenticabile.

Scopri il piacere di utilizzare il Pesto alla Genovese in cucina e lasciati conquistare dalla sua bontà e raffinatezza. Condividi con i tuoi cari questa esperienza culinaria unica e goditi il privilegio di gustare il pesto italiano, una vera eccellenza della gastronomia. Il Pesto alla Genovese trasformerà ogni pasto in una festa per il palato, rendendo la tua tavola un luogo di raffinata delizia culinaria.","Olio di semi di girasole, basilico italiano (36%), anacardi, sale, formaggio Pecorino Romano DOP (latte di pecora, sale, caglio), pinoli, aglio, antiossidante: acido ascorbico; correttore di acidità: acido citrico. Il prodotto non contiene OGM.",Contiene: frutta a guscio e latte. Può contenere tracce di altra frutta a guscio e arachidi. Senza Glutine.,"Energia: 1963 kJ / 476 kcal
Grassi: 48 gr di cui acidi grassi saturi 6,5 gr
Carboidrati: 4,6 gr di cui zuccheri 1,9 gr
Proteine: 5,2 gr
Sale: 2,4 gr",Da consumare entro 24 mesi. Shelf life garantita: 3/4 (18 mesi).,,"Tal quale, pronto all’uso.",Vaso vetro + capsula in banda stagnata.,180 gr,senza glutine | non contiene OGM,"Consistenza: cremosa
Colore: verde scuro
Odore: tipico del basilico
Sapore: tipico del basilico",true,410,false,true,2024-11-12T05:37:09,2026-08-24
3027,7d1e1693-b3aa-4a15-8657-45bcb1643554,pesto-tartufo-nero,Pesto al tartufo nero senza glutine 180 gr,EUR,4.56,,false,Pesto | Salse con tartufo,https://ugolinigourmet.it/prodotto/pesto-tartufo-nero/,https://ugolinigourmet.it/wp-content/uploads/2023/01/8794-pesto-al-tartufo-nero-ugolini-gourmet-1.jpg | https://ugolinigourmet.it/wp-content/uploads/2023/01/8794-pesto-al-tartufo-nero-ugolini-gourmet-2.jpg | https://ugolinigourmet.it/wp-content/uploads/2023/01/8794-pesto-al-tartufo-nero-ugolini-gourmet-3.jpg | https://ugolinigourmet.it/wp-content/uploads/2022/05/pesto-al-tartufo-nero-ugolini-gourmet-4.jpg | https://ugolinigourmet.it/wp-content/uploads/2023/01/8794-pesto-al-tartufo-nero-ugolini-gourmet-5.jpg | https://ugolinigourmet.it/wp-content/uploads/2023/01/8794-pesto-al-tartufo-nero-ugolini-gourmet-6-scaled.jpg,"Il Pesto al tartufo nero nasce dall’idea di arricchire il nostro classico pesto genovese con uno degli ingredienti più preziosi della terra: il tartufo nero. Semplicità ed eleganza che uniti in una ricetta unica ne fanno un prodotto delicato. Ideale per antipasti ma anche per primi piatti, trofie, gnocchi e… perché no? Con un semplice pureè. Con tartufo e pesto puoi arricchire anche il piatto più semplice.","Il Pesto al tartufo nero nasce dall’idea di arricchire il nostro classico pesto genovese con uno degli ingredienti più preziosi della terra: il tartufo nero. Semplicità ed eleganza che uniti in una ricetta unica ne fanno un prodotto delicato. Ideale per antipasti ma anche per primi piatti, trofie, gnocchi e… perché no? Con un semplice pureè. Con tartufo e pesto puoi arricchire anche il piatto più semplice.","Olio di semi di girasole, basilico Italiano 35%, anacardi, sale, tartufo d’estate 1% (Tuber aestivum Vitt.), formaggio Pecorino Romano DOP (latte di pecora, sale, caglio), pinoli, aglio, aroma, antiossidante: acido ascorbico, correttore di acidità: acido citrico. Il prodotto non contiene OGM.",Contiene: frutta a guscio e latte. Può contenere tracce di altra frutta a guscio e arachidi. Senza Glutine.,"Energia: 1963 kJ / 476 kcal
Grassi: 48 gr di cui acidi grassi saturi 6,5 gr
Carboidrati: 4,6 gr di cui zuccheri 1,9 gr
Proteine: 5,2 gr
Sale: 2,4 gr",Da consumare entro 24 mesi. Shelf life garantita: 3/4 (18 mesi).,,"Tal quale, pronto all’uso.",Vaso vetro + capsula in banda stagnata.,180 gr,senza glutine | non contiene OGM,"Consistenza: cremosa
Colore: verde scuro
Odore: tipico del basilico e del tartufo
Sapore: tipico del basilico e del tartufo",true,300,false,true,2024-11-12T05:37:10,2026-08-24
3028,f5f4fe80-bf8c-4f97-8d28-de8bc50fb92b,pesto-rosso-bio,Pesto rosso bio senza glutine 180 gr,EUR,4.95,,false,Pesto,https://ugolinigourmet.it/prodotto/pesto-rosso-bio/,https://ugolinigourmet.it/wp-content/uploads/2023/01/8886-pesto-rosso-bio-ugolini-gourmet-1.jpg | https://ugolinigourmet.it/wp-content/uploads/2023/01/8886-pesto-rosso-bio-ugolini-gourmet-2.jpg | https://ugolinigourmet.it/wp-content/uploads/2023/01/8886-pesto-rosso-bio-ugolini-gourmet-3.jpg | https://ugolinigourmet.it/wp-content/uploads/2023/01/8886-pesto-rosso-bio-ugolini-gourmet-4.jpg | https://ugolinigourmet.it/wp-content/uploads/2023/01/8886-pesto-rosso-bio-ugolini-gourmet-5.jpg | https://ugolinigourmet.it/wp-content/uploads/2023/01/8886-pesto-rosso-bio-ugolini-gourmet-6.jpg | https://ugolinigourmet.it/wp-content/uploads/2023/01/8886-pesto-rosso-bio-ugolini-gourmet-7.jpg | https://ugolinigourmet.it/wp-content/uploads/2023/01/8886-pesto-rosso-bio-ugolini-gourmet-8-scaled.jpg | https://ugolinigourmet.it/wp-content/uploads/2023/01/8886-pesto-rosso-bio-ugolini-gourmet-9-scaled.jpg,"Pesto rosso bio, una ricetta che si conserva a temperatura ambiente per 18 mesi, preparato con materie prime derivate interamente da agricoltura biologica e lavorate interamente con olio extra vergine di oliva, polpa di pomodoro italiano e pomodori secchi. Semplicemente un prodotto eccezionale, cremoso e profumato. Perfetto per le persone che vogliono degustare prodotti avendo la certezza che le materie prime siano totalmente ottenute da agricoltura biologica.","Pesto rosso bio, una ricetta che si conserva a temperatura ambiente per 18 mesi, preparato con materie prime derivate interamente da agricoltura biologica e lavorate interamente con olio extra vergine di oliva, polpa di pomodoro italiano e pomodori secchi. Semplicemente un prodotto eccezionale, cremoso e profumato. Perfetto per le persone che vogliono degustare prodotti avendo la certezza che le materie prime siano totalmente ottenute da agricoltura biologica.","Olio extravergine di oliva*, polpa di pomodoro*, pomodori secchi* 9%, basilico italiano* 6%, noci di cajou*, formaggio* (latte*, sale, caglio), aglio*, sale, antiossidante: acido ascorbico. * biologico. Il prodotto non contiene OGM.",Contiene: frutta a guscio e latte. Senza Glutine.,"Energia: 1765 kJ / 428 kcal
Grassi: 42 gr di cui acidi grassi saturi 6,5 gr
Carboidrati: 8,6 gr di cui zuccheri 5,2 gr
Proteine: 2,9 gr
Sale: 1,6 gr",Da consumare entro 24 mesi. Shelf life garantita: 3/4 (18 mesi).,,"Tal quale, pronto all’uso.",Vaso vetro + capsula in banda stagnata.,180 gr,senza glutine | bio/biologico | non contiene OGM,"Consistenza: cremosa
Colore: rosso scuro
Odore: tipico del basilico e dei pomodori secchi
Sapore: tipico del basilico e dei pomodori secchi",true,38,false,true,2024-11-12T05:37:11,2026-08-24
3029,c4ec2d70-1552-421f-8af0-f56771736c8b,pesto-rosso,Pesto rosso senza glutine 180 gr,EUR,3.45,,false,Pesto,https://ugolinigourmet.it/prodotto/pesto-rosso/,https://ugolinigourmet.it/wp-content/uploads/2023/01/8817-pesto-rosso-ugolini-gourmet-1.jpg | https://ugolinigourmet.it/wp-content/uploads/2023/01/8817-pesto-rosso-ugolini-gourmet-2.jpg | https://ugolinigourmet.it/wp-content/uploads/2023/01/8817-pesto-rosso-ugolini-gourmet-3.jpg | https://ugolinigourmet.it/wp-content/uploads/2023/01/8817-pesto-rosso-ugolini-gourmet-4.jpg,"Il pesto rosso è familiarmente chiamato “pesto rosso alla genovese” fratello del pesto alla genovese classico. Ricetta preparata con italiano basilico, olio di semi di girasole e pomodori essiccati di prima qualità. L’uso dei pomodori secchi danno un forte colore rosso, rendendo questo pesto ideale per condire la pasta, gnocchi o da spalmare su crostini di pane.","Il pesto rosso è familiarmente chiamato “pesto rosso alla genovese” fratello del pesto alla genovese classico. Ricetta preparata con italiano basilico, olio di semi di girasole e pomodori essiccati di prima qualità. L’uso dei pomodori secchi danno un forte colore rosso, rendendo questo pesto ideale per condire la pasta, gnocchi o da spalmare su crostini di pane.","Olio extravergine di oliva*, polpa di pomodoro*, pomodori secchi* 9%, basilico italiano* 6%, noci di cajou*, formaggio* (latte*, sale, caglio), aglio*, sale, antiossidante: acido ascorbico. * biologico. Il prodotto non contiene OGM.",Contiene: frutta a guscio e latte. Senza Glutine.,"Energia: 1765 kJ / 428 kcal
Grassi: 42 gr di cui acidi grassi saturi 6,5 gr
Carboidrati: 8,6 gr di cui zuccheri 5,2 gr
Proteine: 2,9 gr
Sale: 1,6 gr",Da consumare entro 24 mesi. Shelf life garantita: 3/4 (18 mesi).,,"Tal quale, pronto all’uso.",Vaso vetro + capsula in banda stagnata.,180 gr,senza glutine | bio/biologico | non contiene OGM,"Consistenza: cremosa
Colore: rosso scuro
Odore: tipico del basilico e dei pomodori secchi
Sapore: tipico del basilico e dei pomodori secchi",true,363,false,true,2024-11-12T05:37:11,2026-08-24
3030,df855bc4-6678-4c9d-8997-d92f71cdf7d6,pesto-vegano,Pesto vegano al tofu senza glutine e senza lattosio 180 gr,EUR,4.44,,false,Pesto,https://ugolinigourmet.it/prodotto/pesto-vegano/,https://ugolinigourmet.it/wp-content/uploads/2023/01/8855-pesto-vegano-ugolini-gourmet-6.jpg | https://ugolinigourmet.it/wp-content/uploads/2023/01/8855-pesto-vegano-ugolini-gourmet-2.jpg | https://ugolinigourmet.it/wp-content/uploads/2023/01/8855-pesto-vegano-ugolini-gourmet-3.jpg | https://ugolinigourmet.it/wp-content/uploads/2023/01/8855-pesto-vegano-ugolini-gourmet-4.jpg | https://ugolinigourmet.it/wp-content/uploads/2023/01/8855-pesto-vegano-ugolini-gourmet-5.jpg | https://ugolinigourmet.it/wp-content/uploads/2023/01/8855-pesto-vegano-ugolini-gourmet-7.jpg | https://ugolinigourmet.it/wp-content/uploads/2023/01/8855-pesto-vegano-ugolini-gourmet-1.jpg | https://ugolinigourmet.it/wp-content/uploads/2023/01/8855-pesto-vegano-ugolini-gourmet-8-scaled.jpg,"Questo pesto vegano al tofu è un’ottima alternativa al pesto tradizionale genovese al basilico. Più leggero e risultato più sano senza compromettere il gusto. Senza glutine e senza lattosio, questa salsa è l’ideale non solo per vegani ma anche per persone intolleranti al lattosio. Anima Veg ha sostituito il formaggio con il tofu per ottenere un puro risultato vegano senza rinunciare al gusto e cremosità. Altamente raccomandato per entrambi, vegani e non!","Questo pesto vegano al tofu è un’ottima alternativa al pesto tradizionale genovese al basilico. Più leggero e risultato più sano senza compromettere il gusto. Senza glutine e senza lattosio, questa salsa è l’ideale non solo per vegani ma anche per persone intolleranti al lattosio. Anima Veg ha sostituito il formaggio con il tofu per ottenere un puro risultato vegano senza rinunciare al gusto e cremosità. Altamente raccomandato per entrambi, vegani e non!","Basilico italiano 31%, olio di semi di girasole, anacardi, olio extravergine di oliva, tofu 5% (acqua, soia), sale, pinoli, aglio, antiossidante: acido ascorbico, acidificante: acido citrico. Il prodotto non contiene OGM.","Anacardi, soia. Senza glutine.","Energia: 2099 kJ / 509 kcal
Grassi: 51 gr di cui acidi grassi saturi 6,7 gr
Carboidrati: 6,6 gr di cui zuccheri 1,3 gr
Proteine: 5,3 gr
Sale: 2,0 gr",Da consumare entro 24 mesi.,,"Tal quale, pronto all’uso.",Vaso vetro + capsula alluminio.,180 gr,senza glutine | senza lattosio | vegano | non contiene OGM,"Consistenza: cremosa
Colore: verde brillante
Odore: tipico del basilico e del tofu
Sapore: tipico del basilico e del tofu",true,234,false,true,2024-11-12T05:37:11,2026-08-24
3031,4a0c2071-b414-494c-8089-6454cbca7a6c,ragu-bolognese,Ragù alla Bolognese senza glutine 180 gr,EUR,3.87,,false,Sughi,https://ugolinigourmet.it/prodotto/ragu-bolognese/,https://ugolinigourmet.it/wp-content/uploads/2023/01/8824-ragu-alla-bolognese-ugolini-gourmet-5.jpg | https://ugolinigourmet.it/wp-content/uploads/2023/01/8824-ragu-alla-bolognese-ugolini-gourmet-3.jpg | https://ugolinigourmet.it/wp-content/uploads/2023/01/8824-ragu-alla-bolognese-ugolini-gourmet-4.jpg | https://ugolinigourmet.it/wp-content/uploads/2023/01/8824-ragu-alla-bolognese-ugolini-gourmet-6.jpg | https://ugolinigourmet.it/wp-content/uploads/2023/01/8824-ragu-alla-bolognese-ugolini-gourmet-7.jpg | https://ugolinigourmet.it/wp-content/uploads/2023/01/8824-ragu-alla-bolognese-ugolini-gourmet-8.jpg | https://ugolinigourmet.it/wp-content/uploads/2023/01/8824-ragu-alla-bolognese-ugolini-gourmet-9.jpg | https://ugolinigourmet.it/wp-content/uploads/2023/01/8824-ragu-alla-bolognese-ugolini-gourmet-1.jpg | https://ugolinigourmet.it/wp-content/uploads/2023/01/8824-ragu-alla-bolognese-ugolini-gourmet-2.jpg | https://ugolinigourmet.it/wp-content/uploads/2023/01/8824-ragu-alla-bolognese-ugolini-gourmet-10.jpg,"Il Ragù alla bolognese è un condimento tradizionale della cucina emiliana, preparato con polpa di pomodoro italiana e carne bovina. Ogni famiglia custodisce a ricetta passata di generazione in generazione e lo stesso è successo per la nostra ricetta del ragù alla bolognese. E, in questo modo, vogliamo arrivare sulla tavola degli italiani con un prodotto artigianale che è il risultato dell’utilizzo delle migliori materie prime. Ideale con tutti i tipi di pasta.","Il Ragù alla bolognese è un condimento tradizionale della cucina emiliana, preparato con polpa di pomodoro italiana e carne bovina. Ogni famiglia custodisce a ricetta passata di generazione in generazione e lo stesso è successo per la nostra ricetta del ragù alla bolognese. E, in questo modo, vogliamo arrivare sulla tavola degli italiani con un prodotto artigianale che è il risultato dell’utilizzo delle migliori materie prime. Ideale con tutti i tipi di pasta.","Polpa di pomodoro italiana (64%), carne bovina (13%), olio extravergine di oliva, concentrato di pomodoro, cipolla, sale, carote, aglio, spezie. Il prodotto non contiene OGM.",Può contenere tracce di frutta a guscio e latte. Senza Glutine.,"Energia: 555 kJ / 134 kcal
Grassi: 10 gr di cui acidi grassi saturi 2,1 gr
Carboidrati: 4,4 gr di cui zuccheri 3,8 gr
Proteine: 5,8 gr
Sale: 2,0 gr",Da consumare entro 24 mesi. Shelf life garantita: 3/4 (18 mesi).,,"Tal quale, pronto all’uso.",Vaso vetro + capsula in banda stagnata.,180 gr,senza glutine | non contiene OGM,"Consistenza: cremosa
Colore: rosso tendente all’arancione
Odore: tipico della polpa di pomodoro e della carne
Sapore: tipico della polpa di pomodoro e della carne",true,52,false,true,2024-11-12T05:37:12,2026-08-24
,caviareat:10344070480181,caviale-huso-dauricus-tin,Caviale Huso Dauricus Tin,EUR,960.00,,false,CaviarEat,https://caviareat.it/products/caviale-huso-dauricus-tin,https://cdn.shopify.com/s/files/1/0935/5703/1221/files/CaviarEat-Tin-mockup-1kg-Husodaricus.webp?v=1764797091 | https://cdn.shopify.com/s/files/1/0935/5703/1221/files/517ysHPYgVL._AC_SL1200__3.jpg?v=1773496195 | https://cdn.shopify.com/s/files/1/0935/5703/1221/files/61eXUJ_lpVL._AC_SL1200__3.jpg?v=1773496196 | https://cdn.shopify.com/s/files/1/0935/5703/1221/files/61q4RBk76lL._AC_SL1200__2.jpg?v=1773496196 | https://cdn.shopify.com/s/files/1/0935/5703/1221/files/61qIAY4_syL._AC_SL1200__3.jpg?v=1773496196 | https://cdn.shopify.com/s/files/1/0935/5703/1221/files/71E14D3MTPL._AC_SL1200__3.jpg?v=1773496196 | https://cdn.shopify.com/s/files/1/0935/5703/1221/files/71d_yzdBomL._AC_SL1200__3.jpg?v=1773496196 | https://cdn.shopify.com/s/files/1/0935/5703/1221/files/71vsY5A9_gL._AC_SL1200__3.jpg?v=1773496196,"Il caviale Huso Dauricus rappresenta l’eccellenza assoluta nel mondo del caviale. Proviene dallo storione Kaluga, una delle specie più pregiate e longeve al mondo. Viene prelevato da esemplari maturi dopo oltre 12 anni di crescita, seguendo i più alti standard di allevamento e selezione. Il processo Malossol ne preserva la purezza, esaltando un gusto raffinato, profondo e persistente. Un caviale di lusso destinato ai palati più esigenti.","Il caviale Huso Dauricus rappresenta l’eccellenza assoluta nel mondo del caviale. Proviene dallo storione Kaluga, una delle specie più pregiate e longeve al mondo. Viene prelevato da esemplari maturi dopo oltre 12 anni di crescita, seguendo i più alti standard di allevamento e selezione. Il processo Malossol ne preserva la purezza, esaltando un gusto raffinato, profondo e persistente. Un caviale di lusso destinato ai palati più esigenti.
Caratteristiche:
Diametro: grande, circa 2,9 – 3,1 mm
Colore: dal grigio al marrone fino al giallo dorato
Texture: morbida, setosa
Note aromatiche e gusto: gusto limpido con minima salinità, eleganti note di noce moscata, si scioglie delicatamente in bocca, liscio e delicato al palato
Metodo di salatura: Malossol
Data di conservazione: 6 mesi
Conservazione: tra 0° e +4°C",,,,,,,,1 Kg,,,false,,true,true,2026-09-13T20:23:59+02:00,2026-09-13
,caviareat:10097055138101,caviale-vegano,CAVIALE VEGANO,EUR,12.00,,false,CaviarEat | LuxurEat,https://caviareat.it/products/caviale-vegano,https://cdn.shopify.com/s/files/1/0935/5703/1221/files/CaviarEat-Mockup-SEAWEED_1.png?v=1748416874,"Luxureat presenta il suo nuovo Caviale Vegano e Kosher, realizzato con alghe marine selezionate, per un prodotto innovativo che rispetta le scelte etiche, religiose e alimentari senza rinunciare all’eccellenza del gusto.","### Caviale Vegano e Kosher
Un’esperienza di lusso per tutti.
Luxureat presenta il suo nuovo Caviale Vegano e Kosher, realizzato con alghe marine selezionate, per un prodotto innovativo che rispetta le scelte etiche, religiose e alimentari senza rinunciare all’eccellenza del gusto.
Confezionato nelle autentiche scatole di caviale Luxureat, questo prodotto richiama in tutto e per tutto il prestigio del caviale tradizionale, ma con una composizione completamente vegetale.
⸻
Caratteristiche principali
• 100% vegano
• Certificato Kosher
• Realizzato con alghe marine naturali
• Confezione di pregio in metallo stile caviale classico
• Shelf life: 24 mesi a temperatura ambiente (20°C)
• Pronto all’uso, non necessita refrigerazione fino all’apertura
⸻
Utilizzo consigliato
Perfetto per:
• Aperitivi e finger food raffinati
• Sushi e piatti della cucina fusion
• Antipasti gourmet e decorazioni di alta cucina
• Abbinamenti con Champagne, Vodka ghiacciata, e cocktail creativi.",,,,,,,,50 gr | 100 gr,,,false,,true,true,2026-09-13T20:23:59+02:00,2026-09-13
,caviareat:10011112603957,caviale-royal-oscietra-blue-tin,CAVIALE ROYAL OSCIETRA BLUE TIN,EUR,940.00,,false,CaviarEat,https://caviareat.it/products/caviale-royal-oscietra-blue-tin,https://cdn.shopify.com/s/files/1/0935/5703/1221/files/CaviarEat-Tin-mockup-1kg-oscietra.webp?v=1764797241 | https://cdn.shopify.com/s/files/1/0935/5703/1221/files/61w-aZPP95L._AC_SL1200__4.jpg?v=1773496316 | https://cdn.shopify.com/s/files/1/0935/5703/1221/files/716XAgbUBXL._AC_SL1200__5.jpg?v=1773496316 | https://cdn.shopify.com/s/files/1/0935/5703/1221/files/71e-fYbAZNL._AC_SL1200__4.jpg?v=1773496316 | https://cdn.shopify.com/s/files/1/0935/5703/1221/files/717ihcep8qL._AC_SL1200__3.jpg?v=1773496316 | https://cdn.shopify.com/s/files/1/0935/5703/1221/files/61U50lMy-VL._AC_SL1200__4.jpg?v=1773496316,"Il Caviale Royal Oscetra rappresenta una delle espressioni più prestigiose del caviale premium mondiale. Proveniente da storioni allevati in uno degli impianti acquatici più avanzati al mondo, viene selezionato esclusivamente da esemplari maturi dopo almeno 12 anni di crescita.","Il Caviale Royal Oscetra rappresenta una delle espressioni più prestigiose del caviale premium mondiale. Proveniente da storioni allevati in uno degli impianti acquatici più avanzati al mondo, viene selezionato esclusivamente da esemplari maturi dopo almeno 12 anni di crescita.
La lavorazione secondo il metodo Malossol — caratterizzato da una salatura minima — preserva la purezza delle uova e valorizza un profilo aromatico elegante, complesso e perfettamente equilibrato.
Un caviale destinato a veri intenditori e alla ristorazione d’eccellenza.
## Caratteristiche del Caviale Royal Oscetra
Diametro: grande (circa 2,9 – 3,1 mm)
Colore: dal grigio perla al marrone fino al giallo dorato
Texture: morbida e setosa
Metodo di salatura: Malossol (bassa salinità)
Data di conservazione: 6 mesi (confezione chiusa)
## Profilo Aromatico e Gusto
Il Royal Oscetra si distingue per un gusto:
limpido e raffinato
delicatamente salino
con eleganti note di noce moscata
sfumature burrose e nocciolate
finale lungo e armonioso
Le perle si sciolgono lentamente in bocca, regalando una sensazione vellutata e sofisticata.
## Perché scegliere il Caviale Royal Oscetra
✔ Selezione da storioni maturi (oltre 12 anni)✔ Grana grande ideale per degustazioni gourmet✔ Lavorazione Malossol tradizionale✔ Perfetto per eventi esclusivi e fine dining✔ Spedizione refrigerata garantita
È uno dei caviali più apprezzati per equilibrio tra intensità aromatica ed eleganza.
## Come gustare il Caviale Oscetra
### Temperatura di servizio
Servire tra +8°C e +10°C.
### Utensili consigliati
Utilizzare cucchiaini in madreperla, vetro o corno per non alterare il gusto.
### Abbinamenti ideali
Champagne Brut o Blanc de Blancs
Vodka premium ghiacciata
Blinis con panna acida
Uova morbide o patate novelle
Perfetto anche su tartare di pesce e piatti gourmet.
## Conservazione
Conservare tra 0° e +4°C
Non congelare
Dopo l’apertura consumare entro 24–48 ore
Tenere sempre ben refrigerato
## Domande Frequenti (FAQ)
Cos’è il metodo Malossol?
È una tecnica di salatura leggera che preserva il gusto naturale del caviale.
Qual è la differenza tra Oscetra e Baerii?
L’Oscetra ha perle più grandi e un gusto più complesso e nocciolato.
È adatto come regalo?
Sì, è uno dei caviali più eleganti e apprezzati per regali premium.",,,,,,,,1000 gr,,,false,,true,true,2026-09-13T20:23:59+02:00,2026-09-13
,caviareat:10011108835637,caviale-royal-baerii-blue-tin,CAVIALE ROYAL BAERII BLUE TIN,EUR,900.00,,false,CaviarEat,https://caviareat.it/products/caviale-royal-baerii-blue-tin,https://cdn.shopify.com/s/files/1/0935/5703/1221/files/CaviarEat-Tin-mockup-1kg-baerii.webp?v=1764797289 | https://cdn.shopify.com/s/files/1/0935/5703/1221/files/517ysHPYgVL._AC_SL1200__3.jpg?v=1773496195 | https://cdn.shopify.com/s/files/1/0935/5703/1221/files/61eXUJ_lpVL._AC_SL1200__3.jpg?v=1773496196 | https://cdn.shopify.com/s/files/1/0935/5703/1221/files/61q4RBk76lL._AC_SL1200__2.jpg?v=1773496196 | https://cdn.shopify.com/s/files/1/0935/5703/1221/files/61qIAY4_syL._AC_SL1200__3.jpg?v=1773496196 | https://cdn.shopify.com/s/files/1/0935/5703/1221/files/71vsY5A9_gL._AC_SL1200__3.jpg?v=1773496196 | https://cdn.shopify.com/s/files/1/0935/5703/1221/files/71E14D3MTPL._AC_SL1200__3.jpg?v=1773496196 | https://cdn.shopify.com/s/files/1/0935/5703/1221/files/71d_yzdBomL._AC_SL1200__3.jpg?v=1773496196,"Il Caviale Royal Baerii proviene dallo storione siberiano Acipenser baerii, una delle specie più apprezzate nel mondo del caviale per la qualità costante e il profilo aromatico armonioso.","Il Caviale Royal Baerii proviene dallo storione siberiano Acipenser baerii, una delle specie più apprezzate nel mondo del caviale per la qualità costante e il profilo aromatico armonioso.
Le uova vengono raccolte da esemplari maturi dopo oltre 7 anni di crescita, garantendo perle compatte e un gusto equilibrato, ideale sia per intenditori sia per chi desidera avvicinarsi al caviale premium.
Lavorato secondo il metodo Malossol, mantiene una salinità minima per preservare la purezza naturale del prodotto.
## Caratteristiche del Caviale Royal Baerii
Diametro: piccolo/medio (circa 2,7 – 2,8 mm)
Colore: nero intenso e grigio antracite
Texture: morbida e cremosa
Metodo di salatura: Malossol
Data di conservazione: 6 mesi (confezione chiusa)
## Profilo Aromatico e Gusto
Il Royal Baerii si distingue per un gusto:
nocciolato e burroso
leggermente speziato
equilibrato e persistente
delicato ma ricco di sfumature
Le perle si sciolgono delicatamente in bocca, offrendo una degustazione elegante e armoniosa.
## Perché scegliere il Caviale Royal Baerii
✔ Storione siberiano selezionato✔ Perfetto equilibrio tra qualità e accessibilità✔ Lavorazione Malossol tradizionale✔ Ideale per degustazioni e aperitivi gourmet✔ Spedizione refrigerata garantita
È uno dei caviali più versatili e apprezzati nella gastronomia contemporanea.
## Come gustarlo al meglio
### Temperatura di servizio
Servire tra +8°C e +10°C.
### Utensili consigliati
Utilizzare cucchiaini in madreperla, vetro o corno.
### Abbinamenti ideali
Champagne Brut
Vodka premium ghiacciata
Blinis con panna acida
Uova morbide o patate novelle
Perfetto anche per antipasti gourmet e finger food raffinati.
## Conservazione
Conservare tra 0° e +4°C
Non congelare
Dopo l’apertura consumare entro 24–48 ore
Mantenere sempre refrigerato
## Domande Frequenti (FAQ)
Il Baerii è adatto come primo caviale?
Sì, grazie al suo gusto equilibrato è spesso consigliato come introduzione al caviale.
Che differenza c’è tra Baerii e Oscetra?
Il Baerii ha perle leggermente più piccole e un gusto più morbido e burroso; l’Oscetra è più complesso e strutturato.
Quanto dura il caviale?
Fino a 6 mesi se conservato correttamente chiuso tra 0° e +4°C.",,,,,,,,1000 gr,,,false,,true,true,2026-09-13T20:23:59+02:00,2026-09-13
,caviareat:10011103494453,caviale-beluga-huso-huso-blue-tin,CAVIALE BELUGA HUSO HUSO BLUE TIN,EUR,1725.00,,false,CaviarEat,https://caviareat.it/products/caviale-beluga-huso-huso-blue-tin,https://cdn.shopify.com/s/files/1/0935/5703/1221/files/Caviareat-beluga-huso-huso-1kg_700x_24321e86-897d-4d7c-b0e1-14da82ee915d.png?v=1740735436 | https://cdn.shopify.com/s/files/1/0935/5703/1221/files/517ysHPYgVL._AC_SL1200__3.jpg?v=1773496195 | https://cdn.shopify.com/s/files/1/0935/5703/1221/files/61eXUJ_lpVL._AC_SL1200__3.jpg?v=1773496196 | https://cdn.shopify.com/s/files/1/0935/5703/1221/files/61q4RBk76lL._AC_SL1200__2.jpg?v=1773496196 | https://cdn.shopify.com/s/files/1/0935/5703/1221/files/61qIAY4_syL._AC_SL1200__3.jpg?v=1773496196 | https://cdn.shopify.com/s/files/1/0935/5703/1221/files/71vsY5A9_gL._AC_SL1200__3.jpg?v=1773496196 | https://cdn.shopify.com/s/files/1/0935/5703/1221/files/71E14D3MTPL._AC_SL1200__3.jpg?v=1773496196 | https://cdn.shopify.com/s/files/1/0935/5703/1221/files/71d_yzdBomL._AC_SL1200__3.jpg?v=1773496196,"Il Caviale Beluga 100% (Huso Huso) rappresenta la massima espressione del lusso gastronomico. Ottenuto dal più grande e prestigioso degli storioni, lo Huso huso, è considerato uno dei caviali più rari, esclusivi e ricercati al mondo.","Il Caviale Beluga 100% (Huso Huso) rappresenta la massima espressione del lusso gastronomico. Ottenuto dal più grande e prestigioso degli storioni, lo Huso huso, è considerato uno dei caviali più rari, esclusivi e ricercati al mondo.
Le uova vengono raccolte esclusivamente da esemplari maturi dopo almeno 16 anni di crescita, un lungo processo naturale che conferisce al Beluga la sua straordinaria complessità aromatica e la texture inconfondibilmente cremosa.
Un caviale destinato a veri intenditori e alle esperienze gastronomiche più esclusive.
## Caratteristiche del Caviale Beluga
Diametro: grande (circa 3,3 – 3,5 mm)
Colore: dal grigio perla al grigio scuro
Texture: estremamente morbida e vellutata
Specie: Huso Huso
Data di conservazione: 6 mesi (confezione chiusa)
Le grandi perle rappresentano uno dei tratti distintivi più iconici del Beluga.
## Profilo Aromatico e Gusto
Il Caviale Beluga offre un’esperienza gustativa unica:
note burrose e cremose
sentori eleganti di noce e nocciola
sapidità delicata e perfettamente equilibrata
finale lungo, raffinato e persistente
Le uova si sciolgono lentamente in bocca, regalando una degustazione morbida e avvolgente.
## Perché scegliere il Caviale Beluga
✔ Proveniente dal leggendario storione Huso Huso✔ Maturazione minima di 16 anni✔ Perle grandi e rare✔ Profilo aromatico superiore✔ Perfetto per degustazioni di altissimo livello
È il caviale simbolo dell’alta gastronomia internazionale.
## Come gustarlo al meglio
### Temperatura di servizio
Servire tra +8°C e +10°C.
### Utensili consigliati
Utilizzare cucchiaini in madreperla, vetro o corno (mai metallo).
### Abbinamenti ideali
Champagne Blanc de Blancs
Vodka premium ghiacciata
Blinis con panna acida
Patate novelle tiepide
Per una degustazione pura, si consiglia di assaggiarlo anche da solo.
## Conservazione
Conservare tra 0° e +4°C
Non congelare
Dopo l’apertura consumare entro 24–48 ore
Mantenere sempre refrigerato
## Domande Frequenti (FAQ)
Perché il Beluga è il caviale più costoso?
Perché proviene da uno storione che impiega oltre 15 anni per raggiungere la maturità e produce uova grandi e rare.
Che differenza c’è tra Beluga e Kaluga?
Il Beluga è più delicato e cremoso; il Kaluga è leggermente più strutturato e moderno nel profilo aromatico.
È adatto come prima esperienza?
È ideale per chi desidera provare il massimo livello qualitativo del caviale.",,,,,,,,1000 gr,,,false,,true,true,2026-09-13T20:23:59+02:00,2026-09-13
,caviareat:10006584131893,acciughe-sott-olio-100-gr,ACCIUGHE SOTT’OLIO 100 GR,EUR,9.00,,false,CaviarEat,https://caviareat.it/products/acciughe-sott-olio-100-gr,https://cdn.shopify.com/s/files/1/0935/5703/1221/files/DSC00618_1_1800x1200_4ef28d83-59a0-4b04-abbd-8d0eaf8dc25b.jpg?v=1740645436 | https://cdn.shopify.com/s/files/1/0935/5703/1221/files/DSC00603_1800x1200_jpg.webp?v=1740645436 | https://cdn.shopify.com/s/files/1/0935/5703/1221/files/DSC00634_1800x1200_jpg.webp?v=1740645436 | https://cdn.shopify.com/s/files/1/0935/5703/1221/files/DSC00602_1800x1200_jpg.webp?v=1740645436 | https://cdn.shopify.com/s/files/1/0935/5703/1221/files/DSC00638_1800x1200_jpg.webp?v=1740645436,"Filetti di acciughe (Engraulis encrasicolus) 60%, olio di oliva, sale.","Filetti di acciughe (Engraulis encrasicolus) 60%, olio di oliva, sale.",,,,,,,,,,,false,,true,true,2026-09-13T20:23:59+02:00,2026-09-13
,caviareat:10006581346613,caviale-beluga-huso-huso,CAVIALE BELUGA HUSO HUSO,EUR,100.00,,false,CaviarEat,https://caviareat.it/products/caviale-beluga-huso-huso,https://cdn.shopify.com/s/files/1/0935/5703/1221/files/Beluga-Huso-Huso-CaviarEat_700x_1f8d80a8-08f7-4ad3-aeca-29c1ab5813f2.jpg?v=1740733992 | https://cdn.shopify.com/s/files/1/0935/5703/1221/files/517ysHPYgVL._AC_SL1200__3.jpg?v=1773496195 | https://cdn.shopify.com/s/files/1/0935/5703/1221/files/61eXUJ_lpVL._AC_SL1200__3.jpg?v=1773496196 | https://cdn.shopify.com/s/files/1/0935/5703/1221/files/61q4RBk76lL._AC_SL1200__2.jpg?v=1773496196 | https://cdn.shopify.com/s/files/1/0935/5703/1221/files/61qIAY4_syL._AC_SL1200__3.jpg?v=1773496196 | https://cdn.shopify.com/s/files/1/0935/5703/1221/files/71vsY5A9_gL._AC_SL1200__3.jpg?v=1773496196 | https://cdn.shopify.com/s/files/1/0935/5703/1221/files/71E14D3MTPL._AC_SL1200__3.jpg?v=1773496196 | https://cdn.shopify.com/s/files/1/0935/5703/1221/files/71d_yzdBomL._AC_SL1200__3.jpg?v=1773496196,"Il Caviale Beluga 100% (Huso Huso) rappresenta la massima espressione del lusso gastronomico. Ottenuto dal più grande e prestigioso degli storioni, lo Huso huso, è considerato uno dei caviali più rari, esclusivi e ricercati al mondo.","Il Caviale Beluga 100% (Huso Huso) rappresenta la massima espressione del lusso gastronomico. Ottenuto dal più grande e prestigioso degli storioni, lo Huso huso, è considerato uno dei caviali più rari, esclusivi e ricercati al mondo.
Le uova vengono raccolte esclusivamente da esemplari maturi dopo almeno 16 anni di crescita, un lungo processo naturale che conferisce al Beluga la sua straordinaria complessità aromatica e la texture inconfondibilmente cremosa.
Un caviale destinato a veri intenditori e alle esperienze gastronomiche più esclusive.
## Caratteristiche del Caviale Beluga
Diametro: grande (circa 3,3 – 3,5 mm)
Colore: dal grigio perla al grigio scuro
Texture: estremamente morbida e vellutata
Specie: Huso Huso
Data di conservazione: 6 mesi (confezione chiusa)
Le grandi perle rappresentano uno dei tratti distintivi più iconici del Beluga.
## Profilo Aromatico e Gusto
Il Caviale Beluga offre un’esperienza gustativa unica:
note burrose e cremose
sentori eleganti di noce e nocciola
sapidità delicata e perfettamente equilibrata
finale lungo, raffinato e persistente
Le uova si sciolgono lentamente in bocca, regalando una degustazione morbida e avvolgente.
## Perché scegliere il Caviale Beluga
✔ Proveniente dal leggendario storione Huso Huso✔ Maturazione minima di 16 anni✔ Perle grandi e rare✔ Profilo aromatico superiore✔ Perfetto per degustazioni di altissimo livello
È il caviale simbolo dell’alta gastronomia internazionale.
## Come gustarlo al meglio
### Temperatura di servizio
Servire tra +8°C e +10°C.
### Utensili consigliati
Utilizzare cucchiaini in madreperla, vetro o corno (mai metallo).
### Abbinamenti ideali
Champagne Blanc de Blancs
Vodka premium ghiacciata
Blinis con panna acida
Patate novelle tiepide
Per una degustazione pura, si consiglia di assaggiarlo anche da solo.
## Conservazione
Conservare tra 0° e +4°C
Non congelare
Dopo l’apertura consumare entro 24–48 ore
Mantenere sempre refrigerato
## Domande Frequenti (FAQ)
Perché il Beluga è il caviale più costoso?
Perché proviene da uno storione che impiega oltre 15 anni per raggiungere la maturità e produce uova grandi e rare.
Che differenza c’è tra Beluga e Kaluga?
Il Beluga è più delicato e cremoso; il Kaluga è leggermente più strutturato e moderno nel profilo aromatico.
È adatto come prima esperienza?
È ideale per chi desidera provare il massimo livello qualitativo del caviale.",,,,,,,,50 gr | 100 gr | 1000 gr,,,false,,true,true,2026-09-13T20:23:59+02:00,2026-09-13
,caviareat:10006579314997,caviale-huso-dauricus,CAVIALE HUSO DAURICUS,EUR,89.00,,false,CaviarEat,https://caviareat.it/products/caviale-huso-dauricus,https://cdn.shopify.com/s/files/1/0935/5703/1221/files/CE4030-Caviale-Huso-Dauricus-CaviarEat-mockup_800x_7aeed494-bea5-426e-8fdd-947855bd9793.jpg?v=1740734112 | https://cdn.shopify.com/s/files/1/0935/5703/1221/files/517ysHPYgVL._AC_SL1200__3.jpg?v=1773496195 | https://cdn.shopify.com/s/files/1/0935/5703/1221/files/61eXUJ_lpVL._AC_SL1200__3.jpg?v=1773496196 | https://cdn.shopify.com/s/files/1/0935/5703/1221/files/61q4RBk76lL._AC_SL1200__2.jpg?v=1773496196 | https://cdn.shopify.com/s/files/1/0935/5703/1221/files/61qIAY4_syL._AC_SL1200__3.jpg?v=1773496196 | https://cdn.shopify.com/s/files/1/0935/5703/1221/files/71vsY5A9_gL._AC_SL1200__3.jpg?v=1773496196 | https://cdn.shopify.com/s/files/1/0935/5703/1221/files/71E14D3MTPL._AC_SL1200__3.jpg?v=1773496196 | https://cdn.shopify.com/s/files/1/0935/5703/1221/files/71d_yzdBomL._AC_SL1200__3.jpg?v=1773496196,"Caviale di alta qualità proveniente da uno speciale ibrido di storione Kaluga e storione dell’Amur (Huso Dauricus x Acipenser schrenkii, Aquafarming). Appartiene ad una delle tipologie di caviale più costose, esclusive e gustose al mondo. Viene prelevato da almeno 12 anni di storione maturo.","Caviale di alta qualità proveniente da uno speciale ibrido di storione Kaluga e storione dell’Amur (Huso Dauricus x Acipenser schrenkii, Aquafarming). Appartiene ad una delle tipologie di caviale più costose, esclusive e gustose al mondo. Viene prelevato da almeno 12 anni di storione maturo.
Caratteristiche:
Diametro: grande, circa 3,0-3,3 mm
Colore: varia dall’oro, grigio, marrone, grigio-nero, bruno grigiastro al marrone dorato.
Texture: morbida
Note aromatiche e gusto: burroso con retrogusto sottolineato dal metodo di salatura dolce
Data di conservazione: 6 mesi.",,,,,,,,50 gr | 100 gr | 1000 gr,,,false,,true,true,2026-09-13T20:23:59+02:00,2026-09-13
,caviareat:10006575513909,caviale-royal-baerii,CAVIALE ROYAL BAERII,EUR,49.00,,false,CaviarEat,https://caviareat.it/products/caviale-royal-baerii,https://cdn.shopify.com/s/files/1/0935/5703/1221/files/Caviale-Royal-Baerii-CaviarEat-mockup_700x_cfb1c5c3-348b-4580-8f7f-91eff52bbe41.jpg?v=1740734166 | https://cdn.shopify.com/s/files/1/0935/5703/1221/files/Screenshot-2025-02-13-002927_png.webp?v=1740734166 | https://cdn.shopify.com/s/files/1/0935/5703/1221/files/Screenshot-2025-02-13-002937_png.webp?v=1740734166 | https://cdn.shopify.com/s/files/1/0935/5703/1221/files/517ysHPYgVL._AC_SL1200__3.jpg?v=1773496195 | https://cdn.shopify.com/s/files/1/0935/5703/1221/files/61eXUJ_lpVL._AC_SL1200__3.jpg?v=1773496196 | https://cdn.shopify.com/s/files/1/0935/5703/1221/files/61q4RBk76lL._AC_SL1200__2.jpg?v=1773496196 | https://cdn.shopify.com/s/files/1/0935/5703/1221/files/61qIAY4_syL._AC_SL1200__3.jpg?v=1773496196 | https://cdn.shopify.com/s/files/1/0935/5703/1221/files/71vsY5A9_gL._AC_SL1200__3.jpg?v=1773496196 | https://cdn.shopify.com/s/files/1/0935/5703/1221/files/71E14D3MTPL._AC_SL1200__3.jpg?v=1773496196 | https://cdn.shopify.com/s/files/1/0935/5703/1221/files/71d_yzdBomL._AC_SL1200__3.jpg?v=1773496196,"Il Caviale Royal Baerii proviene dallo storione siberiano Acipenser baerii, una delle specie più apprezzate nel mondo del caviale per la qualità costante e il profilo aromatico armonioso.","Il Caviale Royal Baerii proviene dallo storione siberiano Acipenser baerii, una delle specie più apprezzate nel mondo del caviale per la qualità costante e il profilo aromatico armonioso.
Le uova vengono raccolte da esemplari maturi dopo oltre 7 anni di crescita, garantendo perle compatte e un gusto equilibrato, ideale sia per intenditori sia per chi desidera avvicinarsi al caviale premium.
Lavorato secondo il metodo Malossol, mantiene una salinità minima per preservare la purezza naturale del prodotto.
## Caratteristiche del Caviale Royal Baerii
Diametro: piccolo/medio (circa 2,7 – 2,8 mm)
Colore: nero intenso e grigio antracite
Texture: morbida e cremosa
Metodo di salatura: Malossol
Data di conservazione: 6 mesi (confezione chiusa)
## Profilo Aromatico e Gusto
Il Royal Baerii si distingue per un gusto:
nocciolato e burroso
leggermente speziato
equilibrato e persistente
delicato ma ricco di sfumature
Le perle si sciolgono delicatamente in bocca, offrendo una degustazione elegante e armoniosa.
## Perché scegliere il Caviale Royal Baerii
✔ Storione siberiano selezionato✔ Perfetto equilibrio tra qualità e accessibilità✔ Lavorazione Malossol tradizionale✔ Ideale per degustazioni e aperitivi gourmet✔ Spedizione refrigerata garantita
È uno dei caviali più versatili e apprezzati nella gastronomia contemporanea.
## Come gustarlo al meglio
### Temperatura di servizio
Servire tra +8°C e +10°C.
### Utensili consigliati
Utilizzare cucchiaini in madreperla, vetro o corno.
### Abbinamenti ideali
Champagne Brut
Vodka premium ghiacciata
Blinis con panna acida
Uova morbide o patate novelle
Perfetto anche per antipasti gourmet e finger food raffinati.
## Conservazione
Conservare tra 0° e +4°C
Non congelare
Dopo l’apertura consumare entro 24–48 ore
Mantenere sempre refrigerato
## Domande Frequenti (FAQ)
Il Baerii è adatto come primo caviale?
Sì, grazie al suo gusto equilibrato è spesso consigliato come introduzione al caviale.
Che differenza c’è tra Baerii e Oscetra?
Il Baerii ha perle leggermente più piccole e un gusto più morbido e burroso; l’Oscetra è più complesso e strutturato.
Quanto dura il caviale?
Fino a 6 mesi se conservato correttamente chiuso tra 0° e +4°C.",,,,,,,,50 gr | 100 gr | 1000 gr,,,false,,true,true,2026-09-13T20:23:59+02:00,2026-09-13
,caviareat:10006572663093,caviale-royal-kaluga,CAVIALE ROYAL KALUGA,EUR,102.00,,false,CaviarEat,https://caviareat.it/products/caviale-royal-kaluga,https://cdn.shopify.com/s/files/1/0935/5703/1221/files/Caviale-Royal-Kaluga-CaviarEat_700x_92bf9151-56d5-4ffb-a153-d3945b963277.jpg?v=1740734225 | https://cdn.shopify.com/s/files/1/0935/5703/1221/files/517ysHPYgVL._AC_SL1200__3.jpg?v=1773496195 | https://cdn.shopify.com/s/files/1/0935/5703/1221/files/61eXUJ_lpVL._AC_SL1200__3.jpg?v=1773496196 | https://cdn.shopify.com/s/files/1/0935/5703/1221/files/61q4RBk76lL._AC_SL1200__2.jpg?v=1773496196 | https://cdn.shopify.com/s/files/1/0935/5703/1221/files/61qIAY4_syL._AC_SL1200__3.jpg?v=1773496196 | https://cdn.shopify.com/s/files/1/0935/5703/1221/files/71vsY5A9_gL._AC_SL1200__3.jpg?v=1773496196 | https://cdn.shopify.com/s/files/1/0935/5703/1221/files/71E14D3MTPL._AC_SL1200__3.jpg?v=1773496196 | https://cdn.shopify.com/s/files/1/0935/5703/1221/files/71d_yzdBomL._AC_SL1200__3.jpg?v=1773496196,"Il Caviale Royal Kaluga proviene da uno speciale ibrido tra storione Kaluga e storione dell’Amur(Huso dauricus × Acipenser schrenckii), allevato secondo avanzati standard di aquafarming.","Il Caviale Royal Kaluga proviene da uno speciale ibrido tra storione Kaluga e storione dell’Amur(Huso dauricus × Acipenser schrenckii), allevato secondo avanzati standard di aquafarming.
Le uova vengono raccolte esclusivamente da storioni maturi dopo oltre 12 anni di crescita, garantendo perle di grande calibro e un profilo aromatico straordinariamente elegante.
Grazie alla lavorazione Malossol, con salatura dolce e delicata, il caviale conserva tutta la purezza del gusto naturale.
Considerato oggi una delle alternative più raffinate al Beluga.
## Caratteristiche del Caviale Royal Kaluga
Diametro: grande (circa 3,0 – 3,3 mm)
Colore: dall’oro al grigio, marrone, grigio-nero e marrone dorato
Texture: morbida e vellutata
Metodo di salatura: Malossol (bassa salinità)
Data di conservazione: 6 mesi (confezione chiusa)
## Profilo Aromatico e Gusto
Il Royal Kaluga si distingue per un’esperienza gustativa estremamente raffinata:
aroma delicato ed elegante
note burrose e cremose
sapidità equilibrata
retrogusto lungo e persistente
Le grandi perle si sciolgono lentamente in bocca, regalando una degustazione morbida e avvolgente.
## Perché scegliere il Caviale Royal Kaluga
✔ Ibrido Kaluga-Amur di altissima qualità✔ Grana grande e uniforme✔ Profilo aromatico simile al Beluga✔ Lavorazione Malossol tradizionale✔ Perfetto per degustazioni di lusso
È uno dei caviali più apprezzati da chef e intenditori per eleganza e cremosità.
## Come Gustarlo al Meglio
### Temperatura di servizio
Servire tra +8°C e +10°C.
### Utensili consigliati
Utilizzare cucchiaini in madreperla o vetro per preservare il gusto.
### Abbinamenti ideali
Champagne Blanc de Blancs
Vodka premium ghiacciata
Blinis con panna acida
Patate novelle o uova morbide
Perfetto anche per impiattamenti fine dining.
## Conservazione
Conservare tra 0° e +4°C
Non congelare
Dopo l’apertura consumare entro 24–48 ore
Mantenere sempre refrigerato
## Domande Frequenti (FAQ)
Cos’è il caviale Kaluga?
È ottenuto da un ibrido di storione Kaluga e Amur, noto per le grandi perle e il gusto burroso.
È simile al Beluga?
Sì, viene spesso considerato l’alternativa moderna più vicina al Beluga per texture e cremosità.
Quanto dura il caviale?
Fino a 6 mesi se conservato correttamente chiuso tra 0° e +4°C.",,,,,,,,50 gr | 100 gr | 1000 gr,,,false,,true,true,2026-09-13T20:23:59+02:00,2026-09-13
,caviareat:10006568468789,caviale-royal-oscietra,CAVIALE ROYAL OSCIETRA,EUR,62.00,,false,CaviarEat,https://caviareat.it/products/caviale-royal-oscietra,https://cdn.shopify.com/s/files/1/0935/5703/1221/files/Royal-Oscietra-CaviarEat_700x_b27f3a51-7570-433e-bdd2-c577a1012df2.jpg?v=1740734284 | https://cdn.shopify.com/s/files/1/0935/5703/1221/files/Screenshot-2025-02-13-001611_png.webp?v=1740734284 | https://cdn.shopify.com/s/files/1/0935/5703/1221/files/Screenshot-2025-02-13-001623_png.webp?v=1740734284 | https://cdn.shopify.com/s/files/1/0935/5703/1221/files/Screenshot-2025-02-13-001633_png.webp?v=1740734284 | https://cdn.shopify.com/s/files/1/0935/5703/1221/files/717ihcep8qL._AC_SL1200__3.jpg?v=1773496316 | https://cdn.shopify.com/s/files/1/0935/5703/1221/files/716XAgbUBXL._AC_SL1200__5.jpg?v=1773496316 | https://cdn.shopify.com/s/files/1/0935/5703/1221/files/71e-fYbAZNL._AC_SL1200__4.jpg?v=1773496316 | https://cdn.shopify.com/s/files/1/0935/5703/1221/files/61U50lMy-VL._AC_SL1200__4.jpg?v=1773496316 | https://cdn.shopify.com/s/files/1/0935/5703/1221/files/61w-aZPP95L._AC_SL1200__4.jpg?v=1773496316,"Il Caviale Royal Oscetra rappresenta una delle espressioni più prestigiose del caviale premium mondiale. Proveniente da storioni allevati in uno degli impianti acquatici più avanzati al mondo, viene selezionato esclusivamente da esemplari maturi dopo almeno 12 anni di crescita.","Il Caviale Royal Oscetra rappresenta una delle espressioni più prestigiose del caviale premium mondiale. Proveniente da storioni allevati in uno degli impianti acquatici più avanzati al mondo, viene selezionato esclusivamente da esemplari maturi dopo almeno 12 anni di crescita.
La lavorazione secondo il metodo Malossol — caratterizzato da una salatura minima — preserva la purezza delle uova e valorizza un profilo aromatico elegante, complesso e perfettamente equilibrato.
Un caviale destinato a veri intenditori e alla ristorazione d’eccellenza.
## Caratteristiche del Caviale Royal Oscetra
Diametro: grande (circa 2,9 – 3,1 mm)
Colore: dal grigio perla al marrone fino al giallo dorato
Texture: morbida e setosa
Metodo di salatura: Malossol (bassa salinità)
Data di conservazione: 6 mesi (confezione chiusa)
## Profilo Aromatico e Gusto
Il Royal Oscetra si distingue per un gusto:
limpido e raffinato
delicatamente salino
con eleganti note di noce moscata
sfumature burrose e nocciolate
finale lungo e armonioso
Le perle si sciolgono lentamente in bocca, regalando una sensazione vellutata e sofisticata.
## Perché scegliere il Caviale Royal Oscetra
✔ Selezione da storioni maturi (oltre 12 anni)✔ Grana grande ideale per degustazioni gourmet✔ Lavorazione Malossol tradizionale✔ Perfetto per eventi esclusivi e fine dining✔ Spedizione refrigerata garantita
È uno dei caviali più apprezzati per equilibrio tra intensità aromatica ed eleganza.
## Come gustare il Caviale Oscetra
### Temperatura di servizio
Servire tra +8°C e +10°C.
### Utensili consigliati
Utilizzare cucchiaini in madreperla, vetro o corno per non alterare il gusto.
### Abbinamenti ideali
Champagne Brut o Blanc de Blancs
Vodka premium ghiacciata
Blinis con panna acida
Uova morbide o patate novelle
Perfetto anche su tartare di pesce e piatti gourmet.
## Conservazione
Conservare tra 0° e +4°C
Non congelare
Dopo l’apertura consumare entro 24–48 ore
Tenere sempre ben refrigerato
## Domande Frequenti (FAQ)
Cos’è il metodo Malossol?
È una tecnica di salatura leggera che preserva il gusto naturale del caviale.
Qual è la differenza tra Oscetra e Baerii?
L’Oscetra ha perle più grandi e un gusto più complesso e nocciolato.
È adatto come regalo?
Sì, è uno dei caviali più eleganti e apprezzati per regali premium.",,,,,,,,30 gr | 50 gr | 100 gr | 1000 gr,,,false,,true,true,2026-09-13T20:23:59+02:00,2026-09-13
,caviareat:10006554411317,caviale-schrenkii-imperial,CAVIALE SCHRENKII IMPERIAL,EUR,46.00,,false,CaviarEat,https://caviareat.it/products/caviale-schrenkii-imperial,https://cdn.shopify.com/s/files/1/0935/5703/1221/files/Caviareat-Schrenkii-Imperial_800x_5642ac4e-8f75-45dd-9d57-74abb26f6177.jpg?v=1740734335 | https://cdn.shopify.com/s/files/1/0935/5703/1221/files/Screenshot-2025-02-09-223306_png.webp?v=1740734335 | https://cdn.shopify.com/s/files/1/0935/5703/1221/files/Screenshot-2025-02-09-223333_png.webp?v=1740734335 | https://cdn.shopify.com/s/files/1/0935/5703/1221/files/517ysHPYgVL._AC_SL1200__3.jpg?v=1773496195 | https://cdn.shopify.com/s/files/1/0935/5703/1221/files/61eXUJ_lpVL._AC_SL1200__3.jpg?v=1773496196 | https://cdn.shopify.com/s/files/1/0935/5703/1221/files/61q4RBk76lL._AC_SL1200__2.jpg?v=1773496196 | https://cdn.shopify.com/s/files/1/0935/5703/1221/files/61qIAY4_syL._AC_SL1200__3.jpg?v=1773496196 | https://cdn.shopify.com/s/files/1/0935/5703/1221/files/71vsY5A9_gL._AC_SL1200__3.jpg?v=1773496196 | https://cdn.shopify.com/s/files/1/0935/5703/1221/files/71E14D3MTPL._AC_SL1200__3.jpg?v=1773496196 | https://cdn.shopify.com/s/files/1/0935/5703/1221/files/71d_yzdBomL._AC_SL1200__3.jpg?v=1773496196,"Caviale di storione dell’Amur (Acipenser schrenckii) di alta qualità proveniente dall’allevamento acquatico più avanzato del mondo. Appartiene ad una delle tipologie di caviale più costose, esclusive al mondo. Viene prelevato sostenibilmente da almeno 12 anni di storione maturo. Il gusto delicato è sottolineato dalla delicata salatura del Malossol.","Caviale di storione dell’Amur (Acipenser schrenckii) di alta qualità proveniente dall’allevamento acquatico più avanzato del mondo. Appartiene ad una delle tipologie di caviale più costose, esclusive al mondo. Viene prelevato sostenibilmente da almeno 12 anni di storione maturo. Il gusto delicato è sottolineato dalla delicata salatura del Malossol.
Caratteristiche:
Diametro: grande, 3,1 a 3,3 mm circa
Colore: dal marrone brillante al giallo dorato
Texture: morbida
Note aromatiche e gusto: nocciola con una nota fruttata e una glassa cremosa
Data di conservazione: 6 mesi",,,,,,,,30 gr | 50 gr | 100 gr | 1000 gr,,,false,,true,true,2026-09-13T20:23:59+02:00,2026-09-13
,truffleat:8073481748580,crema-di-funghi-porcini-e-tartufo-bianco,Crema di funghi porcini e tartufo bianco,EUR,4.50,,false,Truffleat,https://truffleat.it/products/crema-di-funghi-porcini-e-tartufo-bianco,https://cdn.shopify.com/s/files/1/0708/8062/4740/files/cremadifunghiporcinietartufobianco-Photoroom.jpg?v=1748531465,Crema di Funghi Porcini e Tartufo Bianco – Specialità Gourmet con Tuber magnatum Pico,"### Crema di Funghi Porcini e Tartufo Bianco – Specialità Gourmet con Tuber magnatum Pico
La Crema di Funghi Porcini e Tartufo Bianco è una raffinata specialità gastronomica che unisce il sapore intenso dei funghi porcini al profumo elegante del tartufo bianco (Tuber magnatum Pico). Una crema vellutata e pronta all’uso, ideale per arricchire con facilità numerose preparazioni e portare in tavola un tocco di autentica cucina gourmet.
Grazie alla sua consistenza cremosa e al gusto equilibrato, questa preparazione è perfetta per valorizzare crostini, antipasti, primi piatti, secondi di carne, uova e frittate, trasformando anche le ricette più semplici in esperienze culinarie raffinate.
## Caratteristiche della Crema di Funghi Porcini e Tartufo Bianco
Tipologia: Crema a base di funghi porcini e tartufo biancoContenuto di tartufo: 1% (Tuber magnatum Pico)Consistenza: Cremosa e omogeneaColore: Marrone chiaroScadenza: 36 mesi (confezione chiusa)Confezionamento: Vaso in vetro con capsula in banda stagnata
Una crema ricca e armoniosa che combina ingredienti selezionati per offrire un condimento elegante e versatile.
## Profilo Aromatico e Gusto
La crema di porcini e tartufo bianco presenta un profilo aromatico intenso e bilanciato:
profumo elegante e tipico di tartufo bianco
note ricche e avvolgenti di funghi porcini
gusto deciso ma armonico
finale persistente e raffinato
Una preparazione capace di valorizzare sia piatti semplici sia ricette gourmet.
## Ingredienti
Funghi porcini (Boletus edulis e relativo gruppo)Funghi coltivati (Agaricus bisporus)Olio di semi di girasoleTartufo bianco 1% (Tuber magnatum Pico)SaleAromaAcido ascorbico (E300)
## Allergeni
Il prodotto non contiene allergeni tra quelli previsti dalla normativa UE.
Senza glutine
Non soggetto a contaminazione crociata durante la lavorazione
Contiene conservante naturale E300 (acido ascorbico)
## Perché scegliere la Crema di Funghi Porcini e Tartufo Bianco
✔ Con vero tartufo bianco (Tuber magnatum Pico)✔ Ricca di funghi porcini di qualità✔ Crema pronta all’uso✔ Ideale per numerose ricette gourmet✔ Senza glutine✔ Lunga conservazione (36 mesi)
È la soluzione perfetta per chi desidera aggiungere un tocco raffinato e aromatico alle proprie preparazioni.
## Come utilizzarla al meglio
Dose consigliata:15–20 g di crema a persona.
Preparazione consigliata:Scaldare in padella per circa 5 minuti, aggiungendo solo un filo di olio extravergine di oliva e sale se necessario.Non portare a ebollizione, per preservare l’aroma del tartufo.
Ideale per:
Crostini e bruschette
Antipasti gourmet
Pasta fresca e risotti
Secondi piatti di carne
Uova e frittate
Farciture e salse
Base per ricette al tartufo
## Valori Nutrizionali (per 100 g)
Energia: 1200 kJ / 290 kcalGrassi: 29 g– di cui acidi grassi saturi: 3.8 gCarboidrati: 1.2 g– di cui zuccheri: 0.5 gFibre: 2.0 gProteine: 2.5 gSale: 1.1 g
## Conservazione
Conservare in luogo fresco e asciutto.
Dopo l’apertura conservare in frigorifero (+2°C / +4°C) e consumare entro breve tempo.
## Domande Frequenti (FAQ)
La crema è pronta all’uso?Sì, è pronta all’uso; si consiglia di scaldarla leggermente per esaltarne il profumo.
Che tipo di tartufo contiene?Contiene tartufo bianco (Tuber magnatum Pico), uno dei tartufi più pregiati e aromatici.
Come si utilizza in cucina?È ideale per crostini, pasta, risotti, carne e uova, oppure come base per numerose preparazioni al tartufo.",,,,,,,,80 gr | 500 gr,,,false,,true,true,2026-09-13T20:14:44+02:00,2026-09-13
,truffleat:8073469919332,riso-carnaroli-con-tartufo-nero-estivo,Riso Carnaroli con tartufo nero estivo,EUR,9.45,,false,Truffleat,https://truffleat.it/products/riso-carnaroli-con-tartufo-nero-estivo,https://cdn.shopify.com/s/files/1/0708/8062/4740/files/riso-carnaroli-al-tartufo-nero-estivo-truffleat_1600x_79500f01-edef-4300-b0af-288f5adfd9d0.webp?v=1748529607,Riso Carnaroli al Tartufo Nero Estivo – Specialità Gourmet con Tuber aestivum Vitt.,"### Riso Carnaroli al Tartufo Nero Estivo – Specialità Gourmet con Tuber aestivum Vitt.
Il Riso Carnaroli al Tartufo Nero Estivo è una raffinata specialità pensata per portare in tavola un primo piatto elegante e ricco di sapore. La qualità del riso Carnaroli, apprezzato per la sua eccellente tenuta in cottura e per la capacità di assorbire aromi e condimenti, si unisce al profumo delicato del tartufo nero estivo (Tuber aestivum Vitt.).
Questo prodotto consente di preparare con facilità un risotto gourmet dal gusto equilibrato e aromatico, ideale sia per occasioni speciali sia per arricchire con semplicità il pranzo di tutti i giorni.
Confezionato in vaso PET alimentare, preserva al meglio la qualità degli ingredienti e la praticità d’uso.
## Caratteristiche del Riso Carnaroli al Tartufo Nero Estivo
Tipologia: Preparato per risotto con riso Carnaroli e tartufo nero estivoContenuto di tartufo: 1% (Tuber aestivum Vitt.)Consistenza: Chicchi interiColore: Perla chiara con frammenti scuri di tartufoConfezionamento: Vaso in PET alimentare sigillatoScadenza: 24 mesi (confezione chiusa)
Un prodotto che combina qualità degli ingredienti e semplicità di preparazione, perfetto per ottenere un risotto raffinato.
## Profilo Aromatico e Gusto
Il riso Carnaroli al tartufo nero estivo offre un profilo aromatico delicato e armonioso:
profumo tipico con leggere note di tartufo
gusto equilibrato e aromatico
consistenza soda e cremosa dopo la cottura
finale elegante e persistente
Un primo piatto capace di valorizzare il gusto naturale del tartufo senza risultare eccessivo.
## Ingredienti
Riso CarnaroliTartufo nero estivo disidratato 1% (Tuber aestivum Vitt.)Aroma
## Allergeni
Il prodotto non contiene allergeni tra quelli previsti dalla normativa UE.
Senza glutine
Senza conservanti
Non soggetto a contaminazione crociata durante produzione e confezionamento
## Perché scegliere il Riso Carnaroli al Tartufo Nero Estivo
✔ Preparato con riso Carnaroli di qualità✔ Con vero tartufo nero estivo✔ Facile e veloce da preparare✔ Ideale per risotti gourmet✔ Senza glutine e senza conservanti✔ Lunga conservazione (24 mesi)
È la scelta perfetta per chi desidera preparare un risotto al tartufo elegante con semplicità.
## Come utilizzarlo al meglio
Preparazione consigliata:
Portare a ebollizione 60 cl di acqua salata.
Aggiungere il riso e cuocere per circa 20 minuti, mescolando di tanto in tanto.
A fine cottura mantecare con Parmigiano Reggiano grattugiato a piacere.
Servire caldo.
Ideale per:
Risotti al tartufo
Primi piatti gourmet
Cene eleganti
Piatti raffinati ma facili da preparare
## Valori Nutrizionali (per 100 g)
Energia: 1490 kJ / 351 kcalGrassi: 1.2 g– di cui acidi grassi saturi: 0.3 gCarboidrati: 77.0 g– di cui zuccheri: 0.2 gFibre: 1.4 gProteine: 6.7 gSale: 0.01 g
## Conservazione
Conservare in luogo fresco e asciutto, lontano da fonti di calore e umidità.
Richiudere bene il contenitore dopo l’apertura per mantenere la qualità del prodotto.
## Domande Frequenti (FAQ)
Che tipo di riso viene utilizzato?Viene utilizzato riso Carnaroli, una delle varietà più pregiate per la preparazione del risotto.
Il prodotto è già aromatizzato al tartufo?Sì, contiene tartufo nero estivo disidratato (1%) che conferisce al riso il suo aroma caratteristico.
Come si può arricchire il risotto?Per un risultato ancora più cremoso si consiglia di mantecare con Parmigiano Reggiano e una noce di burro a fine cottura.",,,,,,,,350 gr,,,false,,true,true,2026-09-13T20:14:44+02:00,2026-09-13
,truffleat:8073462677604,salsa-tartufata-con-tartufo-nero-estivo,Salsa tartufata con tartufo nero estivo,EUR,3.90,,false,Truffleat,https://truffleat.it/products/salsa-tartufata-con-tartufo-nero-estivo,https://cdn.shopify.com/s/files/1/0708/8062/4740/files/8923-salsa-tartufata-al-tartufo-nero-estivo-truffleat-3.webp?v=1748528369 | https://cdn.shopify.com/s/files/1/0708/8062/4740/files/8923-salsa-tartufata-al-tartufo-nero-estivo-truffleat-4-scaled.webp?v=1748528369 | https://cdn.shopify.com/s/files/1/0708/8062/4740/files/8930-salsa-tartufata-al-tartufo-nero-estivo-truffleat-1.webp?v=1748528369 | https://cdn.shopify.com/s/files/1/0708/8062/4740/files/8930-salsa-tartufata-al-tartufo-nero-estivo-truffleat-2-scaled.webp?v=1748528369 | https://cdn.shopify.com/s/files/1/0708/8062/4740/files/8930-salsa-tartufata-al-tartufo-nero-estivo-truffleat-180g-scaled.webp?v=1748528369,Salsa Tartufata con Tartufo Nero Estivo (Tuber aestivum) – Specialità Gourmet Italiana,"## Salsa Tartufata con Tartufo Nero Estivo (Tuber aestivum) – Specialità Gourmet Italiana
La Salsa Tartufata con Tartufo Nero Estivo è una raffinata specialità gastronomica italiana che unisce il profumo delicato del tartufo estivo alla bontà dei funghi coltivati. Un condimento versatile e pronto all’uso, ideale per arricchire ogni preparazione con un tocco elegante e aromatico.
Perfetta per chi desidera portare in tavola il gusto autentico del tartufo in modo semplice, trasformando piatti quotidiani in esperienze culinarie ricercate.
Scarica il pdf
## Caratteristiche della Salsa Tartufata
Tipologia: Salsa a base di funghi e tartufo nero estivoContenuto di tartufo: 3,2% (Tuber aestivum Vitt.)Consistenza: Cremosa e spalmabileColore: Bruno intensoScadenza: 36 mesi (confezione chiusa)
Una crema equilibrata in cui il tartufo si integra armoniosamente con gli altri ingredienti, offrendo un gusto delicato ma riconoscibile.
## Profilo Aromatico e Gusto
La Salsa Tartufata offre un’esperienza gustativa elegante e bilanciata:
profumo delicato e tipico di tartufo estivo
note boschive dei funghi coltivati
sapidità equilibrata
finale morbido e persistente
Un condimento capace di valorizzare sia ricette semplici sia preparazioni più elaborate.
## Ingredienti
Funghi champignon (Agaricus bisporus) 50%
Olio d’oliva
Tartufo d’estate 3,2% (Tuber aestivum Vitt.)
Olive nere
Sale
Aroma
## Allergeni
Non contiene allergeni tra quelli previsti dalla normativa UE.Senza glutine (<20 ppm).
## Perché scegliere la Salsa Tartufata
✔ Con vero tartufo nero estivo (3,2%)✔ Ricetta versatile e pronta all’uso✔ Ideale per antipasti, primi e secondi piatti✔ Senza glutine✔ Lunga conservazione (36 mesi)
È la base perfetta per tutte le ricette al tartufo, capace di aggiungere un tocco di raffinatezza a ogni portata.
## Come utilizzarla al meglio
Dose consigliata:15–20 g di crema a persona.
Preparazione consigliata:Riscaldare delicatamente in padella per alcuni minuti, aggiungendo un filo di olio d’oliva se necessario.
Ideale per:
Crostini e bruschette
Antipasti e farciture
Primi piatti (pasta e risotti)
Secondi di carne
Frittate
Base per preparazioni al tartufo
## Valori Nutrizionali (per 100 g)
Energia: 2081 kJ / 506 kcalGrassi: 54 g– di cui acidi grassi saturi: 10 gCarboidrati: 0,6 g– di cui zuccheri: 0 gFibre: 3,8 gProteine: 2,5 gSale: 0,75 g
## Conservazione
Conservare in luogo fresco e asciutto.Dopo l’apertura conservare in frigorifero (+2°C / +4°C) e consumare entro breve tempo.
## Domande Frequenti (FAQ)
La salsa è pronta all’uso?Sì, è pronta all’uso; si consiglia di scaldarla leggermente per esaltarne l’aroma.
Che tipo di tartufo contiene?Contiene tartufo nero estivo (Tuber aestivum), apprezzato per il suo profumo delicato ed equilibrato.
È adatta anche per ricette gourmet?Sì, è ideale sia per preparazioni quotidiane sia per piatti più raffinati.",,,,,,,,80 gr | 180 gr | 500 gr,,,false,,true,true,2026-09-13T20:14:44+02:00,2026-09-13
,truffleat:8073394585700,tartufo-intero-estivo,Tartufo intero estivo,EUR,17.00,,false,Truffleat,https://truffleat.it/products/tartufo-intero-estivo,https://cdn.shopify.com/s/files/1/0708/8062/4740/files/9302-tartufo-estivo-intero-truffleat-1-scaled.webp?v=1748516516 | https://cdn.shopify.com/s/files/1/0708/8062/4740/files/9302-tartufo-estivo-intero-truffleat-2-scaled.webp?v=1748516516,"Il Tartufo Nero Estivo Intero è una pregiata specialità gastronomica che racchiude tutto il profumo e il sapore autentico del tartufo estivo. Conservato in vaso di vetro per preservarne qualità e aromaticità, è pronto all’uso per impreziosire numerose preparazioni con un tocco elegante e raffinato.","### Tartufo Nero Estivo Intero in Vaso – Tuber aestivum Vitt.
Il Tartufo Nero Estivo Intero è una pregiata specialità gastronomica che racchiude tutto il profumo e il sapore autentico del tartufo estivo. Conservato in vaso di vetro per preservarne qualità e aromaticità, è pronto all’uso per impreziosire numerose preparazioni con un tocco elegante e raffinato.
Questo tartufo estivo (Tuber aestivum Vitt.), accuratamente selezionato e conservato in acqua con una leggera nota di sale e aroma, mantiene intatte le sue caratteristiche naturali, offrendo un’esperienza culinaria autentica e ricercata.
Ideale per rifinire piatti e antipasti, può essere affettato direttamente sulle pietanze oppure utilizzato insieme al suo liquido di conservazione, ricco dell’essenza del tartufo.
## Caratteristiche del Tartufo Nero Estivo Intero
Tipologia: Tartufo nero estivo intero conservatoSpecie: Tuber aestivum Vitt.Consistenza: Solida con liquido di conservazioneColore: MarroneConfezionamento: Vaso in vetro con capsula in banda stagnataScadenza: 24 mesi (confezione chiusa)
Un prodotto selezionato con cura per garantire qualità, aroma e versatilità in cucina.
## Profilo Aromatico e Gusto
Il tartufo nero estivo offre un profilo aromatico delicato e armonioso:
profumo tipico e naturale di tartufo estivo
note aromatiche leggere e piacevolmente boschive
gusto equilibrato e raffinato
finale delicato e persistente
Un ingrediente ideale per completare piatti gourmet senza coprire gli altri sapori.
## Ingredienti
Tartufo estivo (Tuber aestivum Vitt.)AcquaSaleAroma
## Allergeni
Il prodotto non contiene allergeni tra quelli previsti dalla normativa UE.
Senza glutine
Non soggetto a contaminazione crociata durante raccolta, trasferimento e lavorazione
## Perché scegliere il Tartufo Nero Estivo Intero
✔ Con vero tartufo estivo (Tuber aestivum Vitt.)✔ Prodotto pronto all’uso✔ Ideale per rifinire piatti gourmet✔ Liquido di conservazione utilizzabile come condimento✔ Senza glutine✔ Lunga conservazione (24 mesi)
Un ingrediente prezioso che permette di portare in tavola tutto il fascino e il profumo del tartufo.
## Come utilizzarlo al meglio
Preparazione consigliata:Affettare sottilmente il tartufo direttamente sulle pietanze calde per esaltarne al meglio il profumo.
Consiglio dello chef:Utilizzare anche il liquido di conservazione presente nel vaso per aromatizzare il piatto o arricchire salse e condimenti.
Ideale per:
Antipasti gourmet
Crostini e bruschette
Pasta fresca
Risotti
Uova e frittate
Secondi piatti di carne
Formaggi
## Valori Nutrizionali (per 100 g)
Energia: 333 kJ / 80 kcalGrassi: 1,3 g– di cui acidi grassi saturi: 0,2 gCarboidrati: 6,4 g– di cui zuccheri: 0,5 gFibre: 8,4 gProteine: 6,4 gSale: 0,45 g
## Conservazione
Conservare a temperatura ambiente, in luogo fresco e asciutto.
Dopo l’apertura conservare in frigorifero (+2°C / +4°C) e consumare entro 6 giorni.
## Domande Frequenti (FAQ)
Il tartufo è già pronto all’uso?Sì, il tartufo è pronto all’uso e può essere affettato direttamente sulle pietanze.
Si può utilizzare anche il liquido di conservazione?Sì, il liquido contiene l’essenza aromatica del tartufo ed è ideale come condimento per arricchire i piatti.
Con quali piatti si abbina meglio?È perfetto per pasta, risotti, uova, crostini, carne e formaggi, ma può essere utilizzato anche per rifinire piatti gourmet e antipasti raffinati.",,,,,,,,25 gr,,,false,,true,true,2026-09-13T20:14:44+02:00,2026-09-13
,truffleat:8073386623076,carpaccio-tartufo-estivo-kosher-copia,Carpaccio Tartufo Estivo,EUR,22.32,,false,Truffleat,https://truffleat.it/products/carpaccio-tartufo-estivo-kosher-copia,https://cdn.shopify.com/s/files/1/0708/8062/4740/files/LuxurEat-Product--24.jpg?v=1748514845,Carpaccio di Tartufo Estivo – Specialità Gourmet a Base di Tartufo (Tuber aestivum Vitt.),"### Carpaccio di Tartufo Estivo – Specialità Gourmet a Base di Tartufo (Tuber aestivum Vitt.)
Il Carpaccio di Tartufo Estivo è una raffinata specialità gastronomica preparata con sottili fette di tartufo estivo immerse in olio. Un prodotto elegante e pronto all’uso, ideale per arricchire con semplicità numerose preparazioni e portare in tavola tutto il profumo autentico del tartufo.
Realizzato con 60% di tartufo estivo (Tuber aestivum Vitt.), questo carpaccio conserva tutta la fragranza naturale del tartufo, armonizzata con olio di semi di girasole e una leggera nota di sale che ne esalta il gusto.
Perfetto per chi desidera impreziosire crostini, primi piatti e ricette gourmet con un ingrediente di alta qualità.
## Caratteristiche del Carpaccio di Tartufo Estivo
Tipologia: Specialità a base di fette di tartufo estivo in olioContenuto di tartufo: 60% (Tuber aestivum Vitt.)Consistenza: Morbida con fette sottili di tartufoColore: Marrone scuro con riflessi naturaliScadenza: 24 mesi (confezione chiusa)
Un prodotto selezionato che unisce qualità e praticità, perfetto per creare piatti eleganti in pochi gesti.
## Profilo Aromatico e Gusto
Il carpaccio di tartufo estivo offre un profilo aromatico equilibrato e raffinato:
profumo tipico e delicato di tartufo estivo
note aromatiche naturali e leggermente boschive
gusto armonioso e ben bilanciato
finale morbido e persistente
Un ingrediente ideale per esaltare le preparazioni senza coprirne i sapori.
## Ingredienti
Tartufo estivo (Tuber aestivum Vitt.) 60%Olio di semi di girasoleSaleAroma
## Allergeni
Il prodotto non contiene allergeni tra quelli previsti dalla normativa UE.
Senza glutine
Senza conservanti
## Perché scegliere il Carpaccio di Tartufo Estivo
✔ Con 60% di vero tartufo estivo✔ Fette di tartufo pronte all’uso✔ Ideale per ricette gourmet✔ Perfetto per crostini e primi piatti✔ Senza glutine e senza conservanti✔ Lunga conservazione (24 mesi)
Un ingrediente perfetto per arricchire facilmente qualsiasi ricetta con il gusto autentico del tartufo.
## Come utilizzarlo al meglio
Preparazione consigliata:Utilizzare direttamente sulle pietanze calde per esaltare al meglio il profumo del tartufo.
Consiglio dello chef:Aggiungere il carpaccio a fine preparazione, così da preservare l’aroma naturale del tartufo.
Ideale per:
Crostini e bruschette
Antipasti gourmet
Pasta fresca
Risotti
Uova e frittate
Secondi piatti di carne
Preparazioni al tartufo
## Valori Nutrizionali (per 100 g)
Energia: 1599 kJ / 389 kcalGrassi: 40,3 g– di cui acidi grassi saturi: 4,6 gCarboidrati: 0,4 g– di cui zuccheri: 0,4 gFibre: 5,1 gProteine: 3,6 gSale: 0,44 g
## Conservazione
Conservare in luogo fresco e asciutto.
Dopo l’apertura conservare in frigorifero (+2°C / +4°C) e consumare entro breve tempo.
## Domande Frequenti (FAQ)
Il carpaccio di tartufo è pronto all’uso?Sì, è pronto all’uso e può essere aggiunto direttamente sulle pietanze.
Come si utilizza al meglio in cucina?Si consiglia di aggiungerlo a fine preparazione su piatti caldi come pasta o risotti per esaltarne l’aroma.
Con quali piatti si abbina meglio?È ideale con crostini, pasta, risotti, uova e secondi piatti, ma può essere utilizzato in molte ricette gourmet al tartufo.",,,,,,,,80 gr,,,false,,true,true,2026-09-13T20:14:44+02:00,2026-09-13
,truffleat:8073356279908,tagliatelle-alluovo-con-tartufo-nero,Tagliatelle all'uovo con tartufo nero,EUR,7.50,,false,Truffleat,https://truffleat.it/products/tagliatelle-alluovo-con-tartufo-nero,https://cdn.shopify.com/s/files/1/0708/8062/4740/files/8732-tagliatelle-pasta-alluovo-con-tartufo-nero-truffleat-1.webp?v=1748510516 | https://cdn.shopify.com/s/files/1/0708/8062/4740/files/8732-tagliatelle-pasta-alluovo-con-tartufo-nero-truffleat-2.webp?v=1748510516,"Le Tagliatelle all’Uovo con Tartufo Nero Estivo rappresentano l’eccellenza della tradizione pastaia italiana, realizzate secondo metodi artigianali con ingredienti selezionati di alta qualità.","Tagliatelle all’Uovo con Tartufo Nero Estivo – 250 g
Prodotto artigianale – Antico Pastaio d’Abruzzo
Le Tagliatelle all’Uovo con Tartufo Nero Estivo rappresentano l’eccellenza della tradizione pastaia italiana, realizzate secondo metodi artigianali con ingredienti selezionati di alta qualità.
Una pasta raffinata e profumata, pensata per chi desidera portare in tavola un primo piatto elegante, intenso e ricco di carattere.
Scarica pdf
## Qualità e Ingredienti Selezionati
La base dell’impasto è costituita da semola di grano duro selezionata, ottenuta da moliture UE ed extra UE, con origine italiana a Corato (Bari).
L’impiego di uova fresche di gallina pastorizzate categoria A (30%) dona alla pasta una struttura corposa, un colore dorato naturale e una consistenza vellutata che esalta ogni condimento.
Elemento distintivo della ricetta è il 5% di tartufo nero estivo tritato (Tuber aestivum Vitt.), che conferisce un profumo elegante e persistente, trasformando un semplice primo piatto in un’esperienza gastronomica di alto livello.
## Caratteristiche del Prodotto
✔ 5% di vero tartufo nero estivo✔ 30% uova fresche pastorizzate✔ Lavorazione artigianale✔ Senza coloranti✔ Senza aromi naturali o chimici aggiunti✔ Essiccazione lenta per preservare gusto e profumo
## Modalità di Preparazione
Cuocere in abbondante acqua salata per 6 minuti.
Per valorizzarne al meglio l’aroma, si consiglia di condirle con:
Burro fuso e Parmigiano Reggiano
Grana Padano stagionato
Panna fresca
Funghi porcini
Formaggi cremosi
Ideali anche con un filo di olio extravergine di oliva a crudo per esaltare il profumo del tartufo.
## Ingredienti
Semola di grano duro (molitura UE e extra UE, origine Corato BA – Italia)
Uova fresche di gallina pastorizzate CAT. A (30%)
Tartufo nero estivo tritato (Tuber aestivum Vitt.) 5%
## Valori Nutrizionali Medi per 100 g
Valore energetico: 363 kcalGrassi: 1,66 g– di cui acidi grassi saturi: 0,17 gCarboidrati: 72 g– di cui zuccheri: 1,8 gProteine: 15 gSale: 0,22 gSodio: 0,09 g
## Conservazione
Conservare a temperatura ambiente, lontano da fonti di calore e umidità.
Scadenza: 24 mesi",,,,,,,,250 gr,,,false,,true,true,2026-09-13T20:14:44+02:00,2026-09-13
,truffleat:8073352773732,affettatartufi-in-acciaio-inox,Affettatartufi in acciaio Inox,EUR,27.00,,false,Truffleat,https://truffleat.it/products/affettatartufi-in-acciaio-inox,https://cdn.shopify.com/s/files/1/0708/8062/4740/files/DSC09371-copy-scaled_800x_c44990f0-690a-47e0-b6f7-88c95618dc34.webp?v=1748509974,"L’Affettatartufi Truffleat è uno strumento professionale progettato in Italia per affettare il tartufo con precisione ed eleganza. Realizzato interamente in acciaio inox di alta qualità, unisce design raffinato, resistenza e funzionalità, diventando un accessorio indispensabile per gli amanti della cucina gourmet.","### Affettatartufi Truffleat – Mandolina Professionale in Acciaio Inox Made in Italy
L’Affettatartufi Truffleat è uno strumento professionale progettato in Italia per affettare il tartufo con precisione ed eleganza. Realizzato interamente in acciaio inox di alta qualità, unisce design raffinato, resistenza e funzionalità, diventando un accessorio indispensabile per gli amanti della cucina gourmet.
Pensato sia per chef professionisti sia per appassionati di cucina, questo affettatartufi permette di ottenere fette sottili e uniformi, ideali per esaltare il profumo e il sapore del tartufo in ogni preparazione.
## Caratteristiche dell’Affettatartufi Truffleat
Tipologia: Affettatartufi / mandolina professionaleMateriale: Acciaio inox di alta qualitàProduzione: Made in ItalyLama: Acciaio inox affilato ad alta precisioneStruttura: Robusta, resistente e anticorrosione
Un accessorio elegante e funzionale, progettato per garantire risultati perfetti in cucina.
## Design e Qualità Costruttiva
L’affettatartufi Truffleat si distingue per il suo design moderno ed elegante, caratterizzato da linee pulite e forme ergonomiche.
La struttura in acciaio inox non solo garantisce una lunga durata nel tempo, ma offre anche:
elevata resistenza alla corrosione
massima igiene alimentare
facilità di pulizia
estetica raffinata e professionale
Un oggetto che unisce funzionalità e stile, perfetto per ogni cucina gourmet.
## Prestazioni e Precisione di Taglio
Grazie alle lame affilate in acciaio inox, questo affettatartufi consente di ottenere:
fette sottili e uniformi
taglio preciso e fluido
massima valorizzazione dell’aroma del tartufo
utilizzo semplice e intuitivo
La costruzione solida garantisce stabilità durante l’uso, permettendo di lavorare con precisione e sicurezza.
## Perché scegliere l’Affettatartufi Truffleat
✔ Realizzato in acciaio inox di alta qualità✔ Design elegante e moderno✔ Taglio preciso e uniforme✔ Ideale per tartufi freschi e altre specialità gourmet✔ Strumento professionale ma facile da usare✔ Made in Italy
È l’accessorio perfetto per chi desidera portare in tavola piatti raffinati e valorizzare al meglio il tartufo.
## Come utilizzarlo al meglio
Utilizzo consigliato:
Posizionare il tartufo sulla superficie della lama.
Far scorrere delicatamente il tartufo sulla mandolina.
Regolare la pressione per ottenere fette sottili e uniformi.
Affettare direttamente sopra il piatto per preservare l’aroma.
Ideale per affettare:
Tartufo fresco
Tartufo conservato
Funghi
Parmigiano e formaggi stagionati
Verdure sottili per piatti gourmet
## Manutenzione e Pulizia
Lavare dopo l’uso con acqua tiepida e detergente delicato.
Asciugare accuratamente per mantenere la brillantezza dell’acciaio e preservare la qualità della lama nel tempo.
## Domande Frequenti (FAQ)
È adatto anche ai non professionisti?Sì, è progettato per essere utilizzato facilmente sia da chef professionisti sia da appassionati di cucina.
Si può usare solo per il tartufo?No, può essere utilizzato anche per funghi, formaggi stagionati e verdure sottili, rendendolo uno strumento molto versatile.
Il materiale è resistente nel tempo?Sì, la struttura in acciaio inox di alta qualità garantisce resistenza alla corrosione e lunga durata.",,,,,,,,,,,false,,true,true,2026-09-13T20:14:44+02:00,2026-09-13
,truffleat:8073349660772,salsa-al-tartufo-nero-estivo-5,Salsa al tartufo nero estivo 5%,EUR,6.00,,false,Truffleat,https://truffleat.it/products/salsa-al-tartufo-nero-estivo-5,https://cdn.shopify.com/s/files/1/0708/8062/4740/files/8978-salsa-nera-al-tartufo-truffleat-1.webp?v=1748509222 | https://cdn.shopify.com/s/files/1/0708/8062/4740/files/8978-salsa-nera-al-tartufo-truffleat-2.webp?v=1748509222 | https://cdn.shopify.com/s/files/1/0708/8062/4740/files/8978-salsa-nera-al-tartufo-truffleat-3-scaled.webp?v=1748509222 | https://cdn.shopify.com/s/files/1/0708/8062/4740/files/8978-salsa-nera-al-tartufo-truffleat-4-scaled.webp?v=1748509222,"La Salsa Nera con Tartufo Nero Estivo è una raffinata specialità gastronomica pensata per arricchire con eleganza numerose preparazioni. Grazie alla presenza del 5% di tartufo nero estivo (Tuber aestivum Vitt.) e alla combinazione di funghi e olive nere, offre un gusto ricco e armonioso che valorizza ogni piatto.","### Salsa Nera con Tartufo Nero Estivo 5% – Specialità Gourmet Italiana
La Salsa Nera con Tartufo Nero Estivo è una raffinata specialità gastronomica pensata per arricchire con eleganza numerose preparazioni. Grazie alla presenza del 5% di tartufo nero estivo (Tuber aestivum Vitt.) e alla combinazione di funghi e olive nere, offre un gusto ricco e armonioso che valorizza ogni piatto.
Versatile e pronta all’uso, questa salsa è ideale per condire crostini, antipasti, primi e secondi piatti, frittate e per creare deliziose ricette al tartufo. Un condimento perfetto per portare in tavola un tocco di raffinatezza in ogni occasione, dalle cene speciali ai pasti quotidiani.
## Caratteristiche della Salsa Nera con Tartufo Nero Estivo
Tipologia: Salsa a base di funghi e tartufo nero estivoContenuto di tartufo: 5% (Tuber aestivum Vitt.)Consistenza: Semiliquida e cremosaColore: Marrone scuroConfezionamento: Vasetto in vetroScadenza: 36 mesi (confezione chiusa)
Una salsa equilibrata e aromatica che unisce ingredienti selezionati per offrire un condimento ricco e versatile.
## Profilo Aromatico e Gusto
La salsa nera al tartufo estivo offre un profilo gustativo intenso e armonioso:
profumo tipico di tartufo e funghi
note ricche di funghi champignon e porcini
gusto equilibrato con leggere sfumature aromatiche
finale persistente e piacevolmente aromatico
Un condimento ideale per esaltare numerose ricette senza coprirne i sapori.
## Ingredienti
Funghi champignon (Agaricus bisporus)Olio di semi di girasoleTartufo estivo 5% (Tuber aestivum Vitt.)Olive nereFunghi porcini (Boletus edulis e relativo gruppo)SaleZuccheroPepeNero di seppiaAromiAromi naturali
## Allergeni
Il prodotto contiene il seguente allergene:
Nero di seppia
Non contiene glutine.
## Perché scegliere la Salsa Nera con Tartufo Nero Estivo
✔ Con 5% di vero tartufo nero estivo✔ Ricetta ricca con funghi e olive nere✔ Condimento pronto all’uso✔ Ideale per numerose preparazioni gourmet✔ Confezionata in pratico vasetto in vetro✔ Lunga conservazione (36 mesi)
È una salsa versatile che permette di aggiungere facilmente un tocco di eleganza e sapore alle proprie ricette.
## Come utilizzarla al meglio
Dose consigliata:15–20 g di salsa a persona.
Preparazione consigliata:Scaldare in padella per circa 5 minuti, aggiungendo solo un filo di olio extravergine di oliva e sale se necessario.
Ideale per:
Crostini e bruschette
Antipasti e farciture
Primi piatti (pasta e risotti)
Secondi piatti di carne
Frittate
Base per ricette al tartufo
## Valori Nutrizionali (per 100 g)
Energia: 1479 kJ / 359 kcalGrassi: 36 g– di cui acidi grassi saturi: 4,1 gCarboidrati: 4,7 g– di cui zuccheri: 0,9 gProteine: 2,9 gFibre: 2,8 gSale: 1,3 g
## Conservazione
Conservare a temperatura ambiente, in luogo fresco e asciutto.
Dopo l’apertura conservare in frigorifero (+2°C / +4°C) e consumare entro 7 giorni.
## Domande Frequenti (FAQ)
La salsa è pronta all’uso?Sì, è pronta all’uso; si consiglia di scaldarla leggermente per esaltarne l’aroma.
Che tipo di tartufo contiene?Contiene tartufo nero estivo (Tuber aestivum Vitt.) nella percentuale del 5%.
Con quali piatti si abbina meglio?È perfetta per crostini, pasta, risotti, carne e uova, ma può essere utilizzata anche come base per numerose ricette al tartufo.",,,,,,,,80 gr | 180 gr,,,false,,true,true,2026-09-13T20:14:44+02:00,2026-09-13
,truffleat:8073344811108,polenta-al-tartufo-nero-estivo,Carpaccio Tartufo Estivo Kosher,EUR,22.32,,false,Truffleat,https://truffleat.it/products/polenta-al-tartufo-nero-estivo,https://cdn.shopify.com/s/files/1/0708/8062/4740/files/LuxurEat-Product--29.jpg?v=1748513405 | https://cdn.shopify.com/s/files/1/0708/8062/4740/files/LuxurEat-Product--30.jpg?v=1748513405 | https://cdn.shopify.com/s/files/1/0708/8062/4740/files/LuxurEat-Product--31.jpg?v=1748513406,"Il Carpaccio di Tartufo Estivo Kosher è una raffinata specialità gastronomica preparata con sottili fette di tartufo estivo immerse in olio, pensata per offrire un’esperienza culinaria elegante e autentica. Realizzato con 60% di tartufo estivo (Tuber aestivum Vitt.), conserva tutta la fragranza naturale del tartufo, valorizzata da ingredienti semplici e selezionati.","### Carpaccio di Tartufo Estivo Kosher – Specialità Gourmet con Tuber aestivum Vitt.
Il Carpaccio di Tartufo Estivo Kosher è una raffinata specialità gastronomica preparata con sottili fette di tartufo estivo immerse in olio, pensata per offrire un’esperienza culinaria elegante e autentica. Realizzato con 60% di tartufo estivo (Tuber aestivum Vitt.), conserva tutta la fragranza naturale del tartufo, valorizzata da ingredienti semplici e selezionati.
Certificato Kosher, questo prodotto è ideale per arricchire numerose preparazioni con un tocco gourmet, mantenendo al tempo stesso elevati standard qualitativi e alimentari.
Perfetto per crostini, bruschette e primi piatti come pasta e risotti, permette di portare in tavola il profumo e il gusto raffinato del tartufo in modo semplice e immediato.
## Caratteristiche del Carpaccio di Tartufo Estivo Kosher
Tipologia: Specialità a base di fette di tartufo estivo in olioCertificazione: KosherContenuto di tartufo: 60% (Tuber aestivum Vitt.)Consistenza: Morbida con fette sottili di tartufoColore: Marrone scuro con riflessi naturaliScadenza: 24 mesi (confezione chiusa)
Un prodotto selezionato che combina qualità, autenticità e versatilità in cucina.
## Profilo Aromatico e Gusto
Il carpaccio di tartufo estivo offre un profilo aromatico elegante e bilanciato:
profumo tipico e delicato di tartufo estivo
note aromatiche naturali e leggermente boschive
gusto armonioso e raffinato
finale morbido e persistente
Un ingrediente perfetto per esaltare i piatti senza coprirne i sapori.
## Ingredienti
Tartufo estivo (Tuber aestivum Vitt.) 60%Olio di semi di girasoleSaleAroma
## Allergeni
Il prodotto non contiene allergeni tra quelli previsti dalla normativa UE.
Senza glutine
Senza conservanti
## Perché scegliere il Carpaccio di Tartufo Estivo Kosher
✔ Certificato Kosher✔ Con 60% di vero tartufo estivo✔ Fette di tartufo pronte all’uso✔ Ideale per ricette gourmet✔ Senza glutine e senza conservanti✔ Lunga conservazione (24 mesi)
È la scelta ideale per chi desidera arricchire le proprie ricette con un ingrediente raffinato e di alta qualità.
## Come utilizzarlo al meglio
Preparazione consigliata:Utilizzare direttamente sulle pietanze calde per esaltare al meglio l’aroma del tartufo.
Consiglio dello chef:Aggiungere il carpaccio a fine preparazione per preservare il profumo naturale del tartufo.
Ideale per:
Crostini e bruschette
Antipasti gourmet
Pasta fresca
Risotti
Uova e frittate
Secondi piatti di carne
Preparazioni al tartufo
## Valori Nutrizionali (per 100 g)
Energia: 1599 kJ / 389 kcalGrassi: 40,3 g– di cui acidi grassi saturi: 4,6 gCarboidrati: 0,4 g– di cui zuccheri: 0,4 gFibre: 5,1 gProteine: 3,6 gSale: 0,44 g
## Conservazione
Conservare in luogo fresco e asciutto.
Dopo l’apertura conservare in frigorifero (+2°C / +4°C) e consumare entro breve tempo.
## Domande Frequenti (FAQ)
Il prodotto è certificato Kosher?Sì, questo carpaccio di tartufo estivo è certificato Kosher.
È pronto all’uso?Sì, può essere utilizzato direttamente sulle pietanze senza ulteriori preparazioni.
Con quali piatti si abbina meglio?È ideale con crostini, pasta, risotti, uova e secondi piatti, ma può essere utilizzato in molte ricette gourmet al tartufo.",,,,,,,,80 gr,,,false,,true,true,2026-09-13T20:14:44+02:00,2026-09-13
,truffleat:8054034628708,sale-grigio-di-guerande-e-tartufo-nero,Sale grigio di Guérande e tartufo nero,EUR,7.56,,false,Truffleat,https://truffleat.it/products/sale-grigio-di-guerande-e-tartufo-nero,https://cdn.shopify.com/s/files/1/0708/8062/4740/files/9241-sale-grigio-di-guerande-e-tartufo-nero-pregiato-truffleat-2-scaled.jpg?v=1746078529,"Il Sale Grigio di Guérande IGP con Tartufo Nero Estivo è una raffinata specialità gastronomica che unisce la purezza del celebre sale marino francese al profumo elegante del tartufo. Un condimento esclusivo pensato per esaltare con semplicità carni alla griglia, pesce e numerose preparazioni gourmet.","### Sale Grigio di Guérande IGP con Tartufo Nero Estivo – Condimento Gourmet
Il Sale Grigio di Guérande IGP con Tartufo Nero Estivo è una raffinata specialità gastronomica che unisce la purezza del celebre sale marino francese al profumo elegante del tartufo. Un condimento esclusivo pensato per esaltare con semplicità carni alla griglia, pesce e numerose preparazioni gourmet.
Il sale grigio di Guérande, raccolto nelle storiche saline della Bretagna, è apprezzato per il suo contenuto naturale di minerali marini che gli conferiscono il caratteristico colore grigio e un gusto delicatamente salino. Arricchito con tartufo nero estivo essiccato (Tuber aestivum Vitt.), crea un equilibrio aromatico raffinato che valorizza ogni piatto.
## Caratteristiche del Sale Grigio di Guérande con Tartufo
Tipologia: Condimento a base di sale marino e tartufoBase: Sale grigio di Guérande IGPContenuto di tartufo: 3% (Tuber aestivum Vitt.)Consistenza: Sale fine con frammenti di tartufoColore: Grigio naturaleScadenza: 36 mesi (confezione chiusa)
Un prodotto elegante e versatile che combina tradizione gastronomica francese e il pregio del tartufo.
## Profilo Aromatico e Gusto
Questo sale aromatizzato offre un profilo gustativo equilibrato e sofisticato:
profumo delicato e caratteristico di tartufo
note minerali del sale marino naturale
gusto salino equilibrato e aromatico
finale raffinato con leggere sfumature terrose
Perfetto per valorizzare piatti semplici con un tocco gourmet.
## Ingredienti
Sale grigio di Guérande IGP 96%Tartufo estivo essiccato 3% (Tuber aestivum Vitt.)Aroma
## Allergeni
Il prodotto non contiene allergeni tra quelli previsti dalla normativa UE.
Senza glutine
Senza conservanti
Non soggetto a contaminazione crociata durante la lavorazione
## Perché scegliere il Sale Grigio di Guérande con Tartufo
✔ Con sale grigio di Guérande IGP di alta qualità✔ Con vero tartufo nero estivo essiccato✔ Condimento raffinato e versatile✔ Ideale per carne, pesce e ricette gourmet✔ Senza glutine e senza conservanti✔ Lunga conservazione (36 mesi)
È il condimento perfetto per aggiungere un tocco di eleganza e aroma ai piatti.
## Come utilizzarlo al meglio
Preparazione consigliata:Utilizzare preferibilmente a fine cottura per preservare l’aroma del tartufo.
Ideale per:
Carni alla griglia
Piatti di pesce
Verdure grigliate
Uova e frittate
Risotti e pasta
Preparazioni gourmet
## Valori Nutrizionali (per 100 g)
Energia: 0 kJ / 0 kcalGrassi: 0 g– di cui acidi grassi saturi: 0 gCarboidrati: 0 g– di cui zuccheri: 0 gProteine: 0 gSale: 96,5 g
## Conservazione
Conservare in luogo fresco e asciutto, lontano da fonti di umidità.
Richiudere bene il contenitore dopo l’uso per mantenere la qualità del prodotto.
## Domande Frequenti (FAQ)
Che tipo di sale viene utilizzato?Viene utilizzato sale grigio di Guérande IGP, raccolto nelle saline della Bretagna e ricco di minerali naturali.
Il tartufo è presente in forma essiccata?Sì, il prodotto contiene tartufo nero estivo essiccato (3%), che conserva l’aroma caratteristico del tartufo.
Come si utilizza in cucina?È ideale per carni alla griglia, pesce, verdure e uova, aggiunto preferibilmente a fine cottura per esaltare l’aroma del tartufo.",,,,,,,,60 gr,,,false,,true,true,2026-09-13T20:14:44+02:00,2026-09-13
,truffleat:8054020964452,mayonese-al-tartufo-nero-estivo,Mayonese al Tartufo Nero Estivo,EUR,5.82,,false,Truffleat,https://truffleat.it/products/mayonese-al-tartufo-nero-estivo,https://cdn.shopify.com/s/files/1/0708/8062/4740/files/9081-maionese-al-tartufo-nero-truffleat-4.jpg?v=1746077696,"La Maionese al Tartufo Nero Estivo è una raffinata specialità gastronomica che unisce la cremosità della maionese all’aroma elegante del tartufo nero estivo (Tuber aestivum Vitt.). Il risultato è una salsa ricca e avvolgente, perfetta per arricchire numerose preparazioni con un tocco gourmet.","### Maionese al Tartufo Nero Estivo – Specialità Gourmet con Tuber aestivum Vitt.
La Maionese al Tartufo Nero Estivo è una raffinata specialità gastronomica che unisce la cremosità della maionese all’aroma elegante del tartufo nero estivo (Tuber aestivum Vitt.). Il risultato è una salsa ricca e avvolgente, perfetta per arricchire numerose preparazioni con un tocco gourmet.
Grazie alla presenza del 3% di tartufo nero estivo, questa maionese offre un equilibrio armonioso tra delicatezza e intensità aromatica, rendendo ogni piatto più ricercato e gustoso.
Ideale per accompagnare pesce, crostacei, carne, piatti freddi, bolliti e insalate, è una salsa versatile pensata per chi ama portare in tavola sapori raffinati.
## Caratteristiche della Maionese al Tartufo Nero Estivo
Tipologia: Salsa a base di maionese e tartufo nero estivoContenuto di tartufo: 3% (Tuber aestivum Vitt.)Consistenza: Cremosa e omogeneaColore: Bianco con frammenti di tartufoConfezionamento: Vasetto in vetro con capsula in banda stagnataScadenza: 12 mesi (confezione chiusa)
Una salsa gourmet pronta all’uso che combina ingredienti selezionati e praticità in cucina.
## Profilo Aromatico e Gusto
La maionese al tartufo nero estivo presenta un profilo aromatico ricco e armonioso:
profumo delicato e tipico di tartufo nero estivo
consistenza cremosa e vellutata
gusto equilibrato con note aromatiche eleganti
finale morbido e persistente
Una salsa perfetta per esaltare numerose preparazioni senza coprirne il sapore.
## Ingredienti
Maionese (olio di girasole 70%, acqua, tuorlo d’UOVO pastorizzato 5%, aceto di vino, amido di mais modificato, sale, addensante: gomma di xantano, succo di limone, estratto di paprika, aroma)Tartufo estivo 3% (Tuber aestivum Vitt.)Acidificante: acido lattico (E270)
## Allergeni
Il prodotto contiene il seguente allergene:
UOVA
Altre informazioni:
Senza glutine
Contiene conservante/acidificante E270
## Perché scegliere la Maionese al Tartufo Nero Estivo
✔ Con 3% di vero tartufo nero estivo✔ Consistenza cremosa e vellutata✔ Salsa pronta all’uso✔ Ideale per numerosi abbinamenti gourmet✔ Senza glutine✔ Confezionata in pratico vasetto in vetro
È l’accompagnamento perfetto per chi desidera aggiungere un tocco raffinato ai propri piatti.
## Come utilizzarla al meglio
Preparazione consigliata:Utilizzare direttamente sulle pietanze oppure come base per salse e condimenti gourmet.
Ideale per:
Pesce e crostacei
Carne alla griglia o bollita
Piatti freddi
Insalate gourmet
Verdure
Antipasti raffinati
## Valori Nutrizionali (per 100 g)
Energia: 2573 kJ / 626 kcalGrassi: 68 g– di cui acidi grassi saturi: 7,9 gCarboidrati: 1,7 g– di cui zuccheri: 0,1 gFibre: 0,2 gProteine: 1,8 gSale: 1,64 g
## Conservazione
Conservare in luogo fresco e asciutto.
Dopo l’apertura conservare in frigorifero (+2°C / +4°C) e consumare entro breve tempo.
## Domande Frequenti (FAQ)
La maionese è pronta all’uso?Sì, è pronta all’uso e può essere utilizzata direttamente come accompagnamento o condimento.
Che tipo di tartufo contiene?Contiene tartufo nero estivo (Tuber aestivum Vitt.) nella percentuale del 3%.
Con quali piatti si abbina meglio?È ideale con pesce, crostacei, carne, piatti freddi e insalate, ma può essere utilizzata anche per creare salse gourmet.",,,,,,,,80 gr,,,false,,true,true,2026-09-13T20:14:44+02:00,2026-09-13
,truffleat:8054010347620,mostarda-al-tartufo-nero-estivo,Mostarda al Tartufo Nero Estivo,EUR,6.24,,false,Truffleat,https://truffleat.it/products/mostarda-al-tartufo-nero-estivo,https://cdn.shopify.com/s/files/1/0708/8062/4740/files/9074-mostarda-al-tartufo-estivo-truffleat-1.jpg?v=1746077264,"La Mostarda al Tartufo Nero Estivo è una raffinata specialità gastronomica che unisce la dolcezza e la personalità della mostarda al profumo intenso del tartufo nero estivo (Tuber aestivum Vitt.). Un condimento elegante e versatile, pensato per arricchire numerose preparazioni con un tocco gourmet.","### Mostarda al Tartufo Nero Estivo – Condimento Gourmet con Tuber aestivum Vitt.
La Mostarda al Tartufo Nero Estivo è una raffinata specialità gastronomica che unisce la dolcezza e la personalità della mostarda al profumo intenso del tartufo nero estivo (Tuber aestivum Vitt.). Un condimento elegante e versatile, pensato per arricchire numerose preparazioni con un tocco gourmet.
Grazie alla presenza del 3% di tartufo nero estivo, questa salsa offre un perfetto equilibrio tra la nota aromatica della senape e l’inconfondibile profumo del tartufo, creando un’esperienza di gusto raffinata e originale.
Ideale per accompagnare pesce, crostacei, carne, piatti freddi, bolliti e insalate, è un condimento capace di valorizzare ogni piatto senza coprirne i sapori.
## Caratteristiche della Mostarda al Tartufo Nero Estivo
Tipologia: Condimento a base di mostarda e tartufo nero estivoContenuto di tartufo: 3% (Tuber aestivum Vitt.)Consistenza: CremosaColore: GialloScadenza: 12 mesi (confezione chiusa)
Un prodotto gourmet che combina tradizione e innovazione culinaria.
## Profilo Aromatico e Gusto
La mostarda al tartufo nero estivo offre un profilo gustativo equilibrato e distintivo:
profumo tipico di tartufo con note aromatiche di senape
gusto armonioso tra dolcezza e intensità
consistenza cremosa e avvolgente
finale persistente e aromatico
Un condimento ideale per arricchire numerosi piatti con un tocco raffinato.
## Ingredienti
Mostarda (acqua, semi di SENAPE, aceto, sale, conservante: sodio bisolfito)Tartufo estivo 3% (Tuber aestivum Vitt.)SaleAromaAcidificante: acido lattico (E270)
## Allergeni
Il prodotto contiene i seguenti allergeni:
SENAPE
SOLFITI
Altre informazioni:
Senza glutine
Contiene acidificante E270
## Perché scegliere la Mostarda al Tartufo Nero Estivo
✔ Con 3% di vero tartufo nero estivo✔ Ricetta raffinata con mostarda di qualità✔ Condimento versatile per numerose preparazioni✔ Ideale per piatti di carne, pesce e verdure✔ Senza glutine✔ Lunga conservazione (12 mesi)
È il condimento perfetto per chi desidera aggiungere una nota gourmet e aromatica ai propri piatti.
## Come utilizzarla al meglio
Preparazione consigliata:Utilizzare direttamente come salsa di accompagnamento o come condimento per esaltare i piatti.
Ideale per:
Pesce e crostacei
Carne alla griglia o bollita
Piatti freddi
Insalate gourmet
Verdure
Antipasti raffinati
## Valori Nutrizionali (per 100 g)
Energia: 756 kJ / 182 kcalGrassi: 14,7 g– di cui acidi grassi saturi: 1,2 gCarboidrati: 3,2 g– di cui zuccheri: 2,3 gProteine: 8,4 gSale: 5,66 g
## Conservazione
Conservare in luogo fresco e asciutto.
Dopo l’apertura conservare in frigorifero (+2°C / +4°C) e consumare entro breve tempo.
## Domande Frequenti (FAQ)
La mostarda al tartufo è pronta all’uso?Sì, può essere utilizzata direttamente come condimento o salsa di accompagnamento.
Che tipo di tartufo contiene?Contiene tartufo nero estivo (Tuber aestivum Vitt.) nella percentuale del 3%.
Con quali piatti si abbina meglio?È perfetta con pesce, crostacei, carne, piatti freddi e insalate, offrendo un equilibrio tra dolcezza, aroma di senape e profumo di tartufo.",,,,,,,,80 gr,,,false,,true,true,2026-09-13T20:14:44+02:00,2026-09-13
,truffleat:8054002679908,salsa-al-tartufo-bianco,Salsa al tartufo bianco,EUR,7.74,,false,Truffleat,https://truffleat.it/products/salsa-al-tartufo-bianco,https://cdn.shopify.com/s/files/1/0708/8062/4740/files/8992-salsa-con-tartufo-bianco-truffleat-1.jpg?v=1746076657,"La Salsa al Tartufo Bianco è una raffinata specialità gastronomica che unisce il gusto delicato dei funghi coltivati al profumo elegante del tartufo bianco (Tuber magnatum Pico). Una crema pronta all’uso, pensata per arricchire con semplicità numerose preparazioni e portare in tavola il fascino della cucina gourmet.","### Salsa al Tartufo Bianco – Specialità Gourmet con Tuber magnatum Pico
La Salsa al Tartufo Bianco è una raffinata specialità gastronomica che unisce il gusto delicato dei funghi coltivati al profumo elegante del tartufo bianco (Tuber magnatum Pico). Una crema pronta all’uso, pensata per arricchire con semplicità numerose preparazioni e portare in tavola il fascino della cucina gourmet.
Grazie alla sua consistenza compatta e al profilo aromatico intenso, questa salsa è ideale per condire crostini, antipasti, primi e secondi piatti, omelette e per creare deliziose ricette al tartufo.
## Caratteristiche della Salsa al Tartufo Bianco
Tipologia: Salsa a base di funghi e tartufo biancoContenuto di tartufo: 1% (Tuber magnatum Pico)Consistenza: Compatta e cremosa con grana fineColore: MarroneScadenza: 36 mesi (confezione chiusa)
Una crema equilibrata e versatile, perfetta per valorizzare numerose preparazioni.
## Profilo Aromatico e Gusto
La salsa al tartufo bianco offre un profilo aromatico elegante e bilanciato:
profumo intenso e tipico di tartufo bianco
note delicate di funghi coltivati
gusto armonioso e raffinato
finale aromatico persistente
Un condimento ideale per arricchire piatti semplici e ricette più elaborate.
## Ingredienti
Funghi coltivati (Agaricus bisporus)Olio di semi di girasoleOlive verdiTartufo bianco 1% (Tuber magnatum Pico)SaleAromatizzanteAcido ascorbico (E300)
## Allergeni
Il prodotto non contiene allergeni tra quelli previsti dalla normativa UE.
Senza glutine
Non soggetto a contaminazione crociata durante lavorazione e confezionamento
Contiene conservante E300 (acido ascorbico)
## Perché scegliere la Salsa al Tartufo Bianco
✔ Con vero tartufo bianco (Tuber magnatum Pico)✔ Crema pronta all’uso e facile da utilizzare✔ Ideale per antipasti, primi e secondi piatti✔ Perfetta come base per ricette al tartufo✔ Senza glutine✔ Lunga conservazione (36 mesi)
È un condimento perfetto per aggiungere un tocco di eleganza e aroma alle preparazioni quotidiane.
## Come utilizzarla al meglio
Dose consigliata:15–20 g di crema a persona.
Preparazione consigliata:Scaldare in padella per circa 5 minuti, aggiungendo solo un filo di olio extravergine di oliva e sale se necessario.
Ideale per:
Crostini e bruschette
Antipasti e farciture
Primi piatti (pasta e risotti)
Secondi piatti di carne o pesce
Omelette e uova
Base per ricette al tartufo
## Valori Nutrizionali (per 100 g)
Energia: 1101 kJ / 268 kcalGrassi: 28 g– di cui acidi grassi saturi: 3,2 gCarboidrati: 0,9 g– di cui zuccheri: 0,6 gFibre: 1,6 gProteine: 1,9 gSale: 1,08 g
## Conservazione
Conservare in luogo fresco e asciutto.
Dopo l’apertura conservare in frigorifero (+2°C / +4°C) e consumare entro breve tempo.
## Domande Frequenti (FAQ)
La salsa è pronta all’uso?Sì, è pronta all’uso; si consiglia di scaldarla leggermente per esaltarne l’aroma.
Che tipo di tartufo contiene?Contiene tartufo bianco (Tuber magnatum Pico), uno dei tartufi più pregiati e aromatici.
Come si utilizza in cucina?È perfetta per crostini, pasta, risotti, carne, pesce e uova, ma può essere utilizzata anche come base per numerose preparazioni al tartufo.",,,,,,,,80 gr | 170 gr,,,false,,true,true,2026-09-13T20:14:44+02:00,2026-09-13
,truffleat:8053993668708,salsa-al-tartufo-nero-pregiato,Salsa al tartufo nero pregiato,EUR,6.60,,false,Truffleat,https://truffleat.it/products/salsa-al-tartufo-nero-pregiato,https://cdn.shopify.com/s/files/1/0708/8062/4740/files/8893-salsa-tartufata-con-tartufo-nero-pregiato-truffleat-180gr-2.jpg?v=1746076234,"La Salsa al Tartufo Nero Pregiato è una raffinata specialità gastronomica che unisce il sapore delicato dei funghi coltivati al profumo intenso del tartufo nero pregiato (Tuber melanosporum Vitt.). Una crema elegante e pronta all’uso, ideale per arricchire numerose preparazioni con un tocco autenticamente gourmet.","### Salsa al Tartufo Nero Pregiato – Specialità Gourmet con Tuber melanosporum Vitt.
La Salsa al Tartufo Nero Pregiato è una raffinata specialità gastronomica che unisce il sapore delicato dei funghi coltivati al profumo intenso del tartufo nero pregiato (Tuber melanosporum Vitt.). Una crema elegante e pronta all’uso, ideale per arricchire numerose preparazioni con un tocco autenticamente gourmet.
Grazie alla sua consistenza compatta e al profilo aromatico ricco, questa salsa è perfetta per condire crostini, antipasti, primi e secondi piatti, omelette e come base per tutte le ricette al tartufo.
## Caratteristiche della Salsa al Tartufo Nero Pregiato
Tipologia: Salsa a base di funghi e tartufo nero pregiatoContenuto di tartufo: 1% (Tuber melanosporum Vitt.)Consistenza: Compatta e cremosa con grana fineColore: MarroneScadenza: 36 mesi (confezione chiusa)
Una crema equilibrata e versatile, ideale per esaltare numerose preparazioni gastronomiche.
## Profilo Aromatico e Gusto
La salsa al tartufo nero pregiato presenta un profilo aromatico intenso e raffinato:
profumo avvolgente e caratteristico di tartufo nero
note delicate di funghi coltivati
gusto equilibrato e armonioso
finale aromatico persistente
Un condimento capace di valorizzare sia ricette semplici sia piatti gourmet.
## Ingredienti
Funghi coltivati (Agaricus bisporus)Olio di semi di girasoleOlive verdiTartufo nero 1% (Tuber melanosporum Vitt.)SaleAromaAcido ascorbico (E300)
## Allergeni
Il prodotto non contiene allergeni tra quelli previsti dalla normativa UE.
Senza glutine
Non soggetto a contaminazione crociata durante raccolta, trasporto e lavorazione
Contiene conservante E300 (acido ascorbico)
## Perché scegliere la Salsa al Tartufo Nero Pregiato
✔ Con tartufo nero pregiato (Tuber melanosporum Vitt.)✔ Crema pronta all’uso e facile da utilizzare✔ Ideale per antipasti, primi e secondi piatti✔ Perfetta come base per ricette al tartufo✔ Senza glutine✔ Lunga conservazione (36 mesi)
È il condimento ideale per portare in tavola tutto il fascino e il profumo del tartufo nero.
## Come utilizzarla al meglio
Dose consigliata:15–20 g di crema a persona.
Preparazione consigliata:Scaldare in padella per circa 5 minuti, aggiungendo solo un filo di olio extravergine di oliva e sale se necessario.
Ideale per:
Crostini e bruschette
Antipasti e farciture
Primi piatti (pasta e risotti)
Secondi piatti di carne
Omelette e uova
Base per preparazioni al tartufo
## Valori Nutrizionali (per 100 g)
Energia: 1101 kJ / 268 kcalGrassi: 28 g– di cui acidi grassi saturi: 3,2 gCarboidrati: 0,9 g– di cui zuccheri: 0,6 gFibre: 1,6 gProteine: 1,9 gSale: 1,08 g
## Conservazione
Conservare in luogo fresco e asciutto.
Dopo l’apertura conservare in frigorifero (+2°C / +4°C) e consumare entro breve tempo.
## Domande Frequenti (FAQ)
La salsa è pronta all’uso?Sì, è pronta all’uso; si consiglia di scaldarla leggermente per esaltarne l’aroma.
Che tipo di tartufo contiene?Contiene tartufo nero pregiato (Tuber melanosporum Vitt.), uno dei tartufi più apprezzati in gastronomia.
Con quali piatti si abbina meglio?È ideale per crostini, pasta, risotti, carne e uova, ma può essere utilizzata anche come base per numerose ricette al tartufo.",,,,,,,,180 gr | 500 gr,,,false,,true,true,2026-09-13T20:14:44+02:00,2026-09-13
,truffleat:8053986263140,olio-extravergine-di-oliva-aromatizzato-al-tartufo-bianco,Olio extravergine di oliva aromatizzato al tartufo bianco,EUR,6.45,,false,Truffleat,https://truffleat.it/products/olio-extravergine-di-oliva-aromatizzato-al-tartufo-bianco,https://cdn.shopify.com/s/files/1/0708/8062/4740/files/8695-olio-evo-al-tartufo-bianco-truffleat-250ml-6.jpg?v=1746075631,"L’Olio Extravergine di Oliva Aromatizzato al Tartufo Bianco è un condimento raffinato che unisce la qualità dell’olio extravergine di oliva al profumo elegante e delicato del tartufo bianco. Un prodotto pensato per esaltare con semplicità numerose preparazioni, aggiungendo un tocco gourmet a ogni piatto.","### Olio Extravergine di Oliva Aromatizzato al Tartufo Bianco – Condimento Gourmet
L’Olio Extravergine di Oliva Aromatizzato al Tartufo Bianco è un condimento raffinato che unisce la qualità dell’olio extravergine di oliva al profumo elegante e delicato del tartufo bianco. Un prodotto pensato per esaltare con semplicità numerose preparazioni, aggiungendo un tocco gourmet a ogni piatto.
Prodotto con cura artigianale in piccoli lotti, questo olio si distingue per la sua consistenza vellutata e per il gusto equilibrato. Più delicato rispetto all’olio al tartufo nero, offre un aroma sottile e raffinato che valorizza le pietanze senza coprirne i sapori.
Ideale per crostini, antipasti, primi e secondi piatti, frittate e come base per tutte le ricette al tartufo.
## Caratteristiche dell’Olio Extravergine di Oliva al Tartufo Bianco
Tipologia: Condimento a base di olio extravergine di oliva aromatizzato al tartufo biancoBase: Olio extravergine di oliva 99%Consistenza: Liquida, vellutata e fluidaColore: Giallo dorato con riflessi naturaliScadenza: 24 mesi (confezione chiusa)
Un olio aromatico elegante e versatile, ideale per completare piatti gourmet con il profumo del tartufo bianco.
## Profilo Aromatico e Gusto
Questo olio al tartufo bianco presenta un profilo aromatico delicato e sofisticato:
profumo tipico di tartufo bianco con leggere note di aglio
sfumature aromatiche di fungo
gusto morbido con note burrose
finale delicato e persistente
Un condimento ideale per valorizzare piatti raffinati con eleganza.
## Ingredienti
Olio extravergine di oliva 99%Aroma
## Allergeni
Il prodotto non contiene allergeni tra quelli previsti dalla normativa UE.
Senza glutine
Senza conservanti
Non soggetto a contaminazione crociata durante lavorazione e confezionamento
## Perché scegliere l’Olio Extravergine di Oliva al Tartufo Bianco
✔ Realizzato con olio extravergine di oliva di qualità✔ Aroma delicato e raffinato di tartufo bianco✔ Condimento versatile per numerose preparazioni✔ Ideale per piatti gourmet✔ Senza glutine e senza conservanti✔ Lunga conservazione (24 mesi)
È il condimento perfetto per aggiungere un tocco elegante alle proprie ricette.
## Come utilizzarlo al meglio
Dose consigliata:1 cucchiaino di olio a persona.
Preparazione consigliata:Utilizzare preferibilmente a crudo, aggiungendolo direttamente sulle pietanze prima di servirle.
Ideale per:
Crostini e bruschette
Antipasti e farciture
Pasta e risotti
Carni cotte e pizza
Patate e zuppe
Frittate e uova
Patatine fatte in casa
Base per ricette al tartufo
## Valori Nutrizionali (per 100 g)
Energia: 3676 kJ / 894 kcalGrassi: 99 g– di cui acidi grassi saturi: 18 gCarboidrati: 0 g– di cui zuccheri: 0 gFibre: 0 gProteine: 0 gSale: 0 g
## Conservazione
Conservare in luogo fresco e asciutto, lontano da fonti di calore e luce diretta.
Richiudere bene il flacone dopo l’uso per preservare l’aroma del prodotto.
## Domande Frequenti (FAQ)
Come si utilizza l’olio al tartufo bianco?Si consiglia di utilizzarlo a crudo, aggiungendolo direttamente sui piatti prima di servirli per preservare il profumo del tartufo.
Quanto olio utilizzare per una porzione?È sufficiente un cucchiaino a persona per aromatizzare la pietanza.
Con quali piatti si abbina meglio?È ideale con crostini, pasta, risotti, carne, pizza, patate e uova, ma può essere utilizzato anche per completare zuppe e salse gourmet.",,,,,,,,100 ml | 250 ml,,,false,,true,true,2026-09-13T20:14:44+02:00,2026-09-13
,truffleat:8053982003300,olio-extravergine-di-oliva-aromatizzato-al-tartufo-nero,Olio extravergine di oliva aromatizzato al tartufo nero,EUR,6.00,,false,Truffleat,https://truffleat.it/products/olio-extravergine-di-oliva-aromatizzato-al-tartufo-nero,https://cdn.shopify.com/s/files/1/0708/8062/4740/files/8701-olio-evo-al-tartufo-nero-truffleat-100ml-2.jpg?v=1746075281,"L’Olio Extravergine di Oliva Aromatizzato al Tartufo Nero è un condimento raffinato che unisce la qualità dell’olio extravergine di oliva al profumo intenso e avvolgente del tartufo nero. Realizzato in piccoli lotti con cura artigianale, questo olio aromatico è pensato per esaltare con eleganza numerose preparazioni gastronomiche.","### Olio Extravergine di Oliva Aromatizzato al Tartufo Nero – Condimento Gourmet
L’Olio Extravergine di Oliva Aromatizzato al Tartufo Nero è un condimento raffinato che unisce la qualità dell’olio extravergine di oliva al profumo intenso e avvolgente del tartufo nero. Realizzato in piccoli lotti con cura artigianale, questo olio aromatico è pensato per esaltare con eleganza numerose preparazioni gastronomiche.
Più intenso rispetto alla versione al tartufo bianco, questo olio offre un aroma ricco e deciso che rende ogni piatto più raffinato e gustoso. È ideale per crostini, antipasti, primi e secondi piatti, frittate e per completare tutte le ricette al tartufo con un tocco gourmet.
## Caratteristiche dell’Olio Extravergine di Oliva al Tartufo Nero
Tipologia: Condimento a base di olio extravergine di oliva aromatizzato al tartufo neroBase: Olio extravergine di oliva 99%Consistenza: Liquida, vellutata e fluidaColore: Giallo dorato con riflessi naturaliScadenza: 24 mesi (confezione chiusa)
Un olio aromatico intenso e versatile, perfetto per valorizzare piatti gourmet.
## Profilo Aromatico e Gusto
Questo olio al tartufo nero presenta un profilo aromatico ricco e complesso:
profumo muschiato e fruttato
note terrose tipiche del tartufo nero
gusto deciso e avvolgente
finale persistente e aromatico
Bastano poche gocce per trasformare una preparazione semplice in un piatto ricercato.
## Ingredienti
Olio extravergine di oliva 99%Aroma
## Allergeni
Il prodotto non contiene allergeni tra quelli previsti dalla normativa UE.
Senza glutine
Senza conservanti
Non soggetto a contaminazione crociata durante lavorazione e confezionamento
## Perché scegliere l’Olio Extravergine di Oliva al Tartufo Nero
✔ Realizzato con olio extravergine di oliva di qualità✔ Aroma intenso e caratteristico di tartufo nero✔ Condimento versatile per numerose preparazioni✔ Ideale per ricette gourmet✔ Senza glutine e senza conservanti✔ Lunga conservazione (24 mesi)
È il condimento perfetto per aggiungere profondità e raffinatezza alle proprie ricette.
## Come utilizzarlo al meglio
Dose consigliata:1 cucchiaino di olio a persona.
Preparazione consigliata:Utilizzare preferibilmente a crudo, aggiungendolo direttamente sulle pietanze prima di servirle.
Ideale per:
Crostini e bruschette
Antipasti e farciture
Pasta e risotti
Carni cotte e pizza
Patate e zuppe
Frittate e uova
Patatine fritte fatte in casa
Base per ricette al tartufo
## Valori Nutrizionali (per 100 g)
Energia: 3676 kJ / 894 kcalGrassi: 99 g– di cui acidi grassi saturi: 18 gCarboidrati: 0 g– di cui zuccheri: 0 gFibre: 0 gProteine: 0 gSale: 0 g
## Conservazione
Conservare in luogo fresco e asciutto, lontano da fonti di calore e luce diretta.
Richiudere bene il flacone dopo l’uso per preservare al meglio l’aroma del prodotto.
## Domande Frequenti (FAQ)
Come si utilizza l’olio al tartufo nero?Si consiglia di utilizzarlo a crudo, aggiungendolo direttamente sui piatti prima di servirli per preservarne l’aroma.
Quanto olio utilizzare per una porzione?È sufficiente un cucchiaino a persona per aromatizzare la pietanza.
Con quali piatti si abbina meglio?È ideale con crostini, pasta, risotti, carne, pizza, patate e uova, ma può essere utilizzato anche per completare zuppe e salse gourmet.",,,,,,,,100 ml | 250 ml,,,false,,true,true,2026-09-13T20:14:44+02:00,2026-09-13
,truffleat:8053974433892,olio-extravergine-di-oliva-al-tartufo-nero,Olio extravergine di oliva al tartufo nero,EUR,8.70,,false,Truffleat,https://truffleat.it/products/olio-extravergine-di-oliva-al-tartufo-nero,https://cdn.shopify.com/s/files/1/0708/8062/4740/files/8664-condimento-a-base-di-olio-di-oliva-al-tartufo-nero-truffleat-mockup.jpg?v=1746074947 | https://cdn.shopify.com/s/files/1/0708/8062/4740/files/8664-condimento-a-base-di-olio-di-oliva-al-tartufo-nero-truffleat.jpg?v=1746074967,"L’Olio Extravergine di Oliva al Tartufo Nero è un condimento raffinato che unisce la qualità dell’olio extravergine di oliva al profumo intenso e avvolgente del tartufo nero. Ideale per arricchire con eleganza numerose preparazioni, dona un tocco gourmet capace di trasformare anche i piatti più semplici in esperienze gastronomiche ricercate.","### Olio Extravergine di Oliva al Tartufo Nero – Condimento Gourmet Italiano
L’Olio Extravergine di Oliva al Tartufo Nero è un condimento raffinato che unisce la qualità dell’olio extravergine di oliva al profumo intenso e avvolgente del tartufo nero. Ideale per arricchire con eleganza numerose preparazioni, dona un tocco gourmet capace di trasformare anche i piatti più semplici in esperienze gastronomiche ricercate.
Perfetto per crostini, antipasti, primi e secondi piatti, questo condimento rappresenta la scelta ideale per chi desidera esaltare i sapori della cucina con l’aroma distintivo del tartufo nero.
Scarica il pdf
## Caratteristiche dell’Olio Extravergine di Oliva al Tartufo Nero
Tipologia: Condimento a base di olio extravergine di oliva aromatizzato al tartufo neroBase: Olio extravergine di oliva 99%Consistenza: Liquida e fluidaColore: Giallo dorato con riflessi verdiScadenza: 24 mesi (confezione chiusa)
Un olio aromatico elegante e versatile, pensato per valorizzare una grande varietà di ricette con il caratteristico profumo del tartufo nero.
## Profilo Aromatico e Gusto
L’olio al tartufo nero presenta un profilo aromatico intenso e bilanciato:
profumo ricco e tipico di tartufo nero
note delicate e fruttate dell’olio extravergine di oliva
gusto equilibrato e armonioso
finale aromatico persistente
Un condimento ideale per aggiungere profondità e raffinatezza a ogni piatto.
## Ingredienti
Olio extravergine di oliva 99%Aroma
## Allergeni
Il prodotto non contiene allergeni tra quelli previsti dalla normativa UE.
Senza glutine
Senza conservanti
Non soggetto a contaminazione crociata durante lavorazione e confezionamento
## Perché scegliere l’Olio Extravergine di Oliva al Tartufo Nero
✔ Condimento elegante e pronto all’uso✔ Realizzato con olio extravergine di oliva di qualità✔ Aroma intenso e versatile in cucina✔ Ideale per numerose preparazioni gourmet✔ Senza glutine e senza conservanti✔ Lunga conservazione (24 mesi)
È il condimento perfetto per arricchire ogni ricetta con l’inconfondibile aroma del tartufo nero.
## Come utilizzarlo al meglio
Dose consigliata:1 cucchiaino di olio a persona.
Preparazione consigliata:Utilizzare preferibilmente a crudo, aggiungendolo direttamente sul piatto per esaltare al massimo il profumo del tartufo.
Ideale per:
Crostini e bruschette
Antipasti
Farciture gourmet
Primi piatti (pasta e risotti)
Secondi piatti di carne
Frittate
Formaggi
Base per ricette al tartufo
## Valori Nutrizionali (per 100 g)
Energia: 3676 kJ / 894 kcalGrassi: 99 g– di cui acidi grassi saturi: 18 gCarboidrati: 0 g– di cui zuccheri: 0 gFibre: 0 gProteine: 0 gSale: 0 g
## Conservazione
Conservare in luogo fresco e asciutto, lontano da fonti di calore e luce diretta.
Dopo l’apertura richiudere bene il flacone per preservare al meglio l’aroma del prodotto.
## Domande Frequenti (FAQ)
L’olio al tartufo nero va utilizzato a crudo o in cottura?Si consiglia l’utilizzo a crudo, aggiungendolo direttamente sul piatto per mantenere intatto l’aroma del tartufo.
Quanto olio utilizzare per una porzione?È sufficiente un cucchiaino a persona per aromatizzare il piatto in modo equilibrato.
Con quali piatti si abbina meglio?È ideale con crostini, pasta, risotti, uova, carne e formaggi, ma può essere utilizzato anche come base per numerose ricette gourmet al tartufo.",,,,,,,,250 ml,,,false,,true,true,2026-09-13T20:14:44+02:00,2026-09-13
,truffleat:8053966766180,olio-extravergine-di-oliva-al-tartufo-bianco,Olio extravergine di oliva al tartufo bianco,EUR,8.97,,false,Truffleat,https://truffleat.it/products/olio-extravergine-di-oliva-al-tartufo-bianco,https://cdn.shopify.com/s/files/1/0708/8062/4740/files/8657-condimento-a-base-di-olio-di-oliva-al-tartufo-bianco-truffleat-mockup.jpg?v=1746074667 | https://cdn.shopify.com/s/files/1/0708/8062/4740/files/8657-olio-extra-vergine-di-oliva-tartufo-bianco-truffleat-squared.jpg?v=1746074699,"L’Olio Extravergine di Oliva al Tartufo Bianco è un condimento raffinato che unisce la qualità dell’olio extravergine di oliva al profumo intenso e avvolgente del tartufo bianco. Una specialità pensata per arricchire con eleganza numerose preparazioni, trasformando ogni piatto in un’esperienza gastronomica ricercata.","### Olio Extravergine di Oliva al Tartufo Bianco – Condimento Gourmet Italiano
L’Olio Extravergine di Oliva al Tartufo Bianco è un condimento raffinato che unisce la qualità dell’olio extravergine di oliva al profumo intenso e avvolgente del tartufo bianco. Una specialità pensata per arricchire con eleganza numerose preparazioni, trasformando ogni piatto in un’esperienza gastronomica ricercata.
Perfetto per chi desidera aggiungere un tocco gourmet alla propria cucina, questo condimento valorizza con semplicità crostini, antipasti, primi e secondi piatti, donando un aroma inconfondibile che conquista anche i palati più esigenti.
Scarica il pdf
## Caratteristiche dell’Olio Extravergine di Oliva al Tartufo Bianco
Tipologia: Condimento a base di olio extravergine di oliva aromatizzato al tartufo biancoBase: Olio extravergine di oliva 99%Consistenza: Liquida e fluidaColore: Giallo dorato con riflessi verdiScadenza: 24 mesi (confezione chiusa)
Un olio aromatico elegante e versatile, ideale per completare e valorizzare numerose ricette con il profumo distintivo del tartufo bianco.
## Profilo Aromatico e Gusto
L’olio al tartufo bianco offre un profilo aromatico intenso e raffinato:
profumo caratteristico e persistente di tartufo bianco
note delicate dell’olio extravergine di oliva
gusto equilibrato e rotondo
finale aromatico e persistente
Un condimento perfetto per aggiungere profondità e raffinatezza a ogni preparazione.
## Ingredienti
Olio extravergine di oliva 99%Aroma
## Allergeni
Il prodotto non contiene allergeni tra quelli previsti dalla normativa UE.
Senza glutine
Senza conservanti
Non soggetto a contaminazione crociata durante lavorazione e confezionamento
## Perché scegliere l’Olio Extravergine di Oliva al Tartufo Bianco
✔ Condimento elegante e pronto all’uso✔ Realizzato con olio extravergine di oliva di qualità✔ Ideale per numerose preparazioni gourmet✔ Senza glutine e senza conservanti✔ Lunga conservazione (24 mesi)
È l’alleato perfetto per chi desidera esaltare il sapore delle proprie ricette con un tocco raffinato e aromatico.
## Come utilizzarlo al meglio
Dose consigliata:1 cucchiaino di olio a persona.
Preparazione consigliata:Utilizzare preferibilmente a crudo, aggiungendolo direttamente sul piatto per esaltarne al massimo l’aroma.
Ideale per:
Crostini e bruschette
Antipasti
Farciture gourmet
Primi piatti (pasta e risotti)
Secondi piatti di carne
Frittate
Formaggi
Base per ricette al tartufo
## Valori Nutrizionali (per 100 g)
Energia: 3676 kJ / 894 kcalGrassi: 99 g– di cui acidi grassi saturi: 18 gCarboidrati: 0 g– di cui zuccheri: 0 gFibre: 0 gProteine: 0 gSale: 0 g
## Conservazione
Conservare in luogo fresco e asciutto, lontano da fonti di calore e luce diretta.
Dopo l’apertura richiudere bene il flacone per preservare al meglio l’aroma del prodotto.
## Domande Frequenti (FAQ)
L’olio al tartufo bianco va cotto o usato a crudo?Si consiglia di utilizzarlo principalmente a crudo, per mantenere intatto il profumo del tartufo.
Quanto olio utilizzare per una porzione?È sufficiente un cucchiaino a persona per aromatizzare il piatto in modo equilibrato.
Con quali piatti si abbina meglio?È ideale con crostini, pasta, risotti, uova, carne e formaggi, ma può essere utilizzato come base per molte ricette gourmet al tartufo.",,,,,,,,250 ml,,,false,,true,true,2026-09-13T20:14:44+02:00,2026-09-13
,truffleat:8053618638948,affettatartufo-in-polietilene-per-uso-alimentare,Affettatartufo in polietilene per uso alimentare,EUR,36.00,,false,Truffleat,https://truffleat.it/products/affettatartufo-in-polietilene-per-uso-alimentare,https://cdn.shopify.com/s/files/1/0708/8062/4740/files/affettatartufi-HACCP-truffleat.jpg?v=1745984994,"L’Affettatartufo in polietilene alimentare è uno strumento innovativo progettato per garantire massima sicurezza igienica e precisione nel taglio del tartufo. Realizzato in polietilene certificato per uso alimentare, elimina completamente il contatto tra il legno e gli alimenti, offrendo una soluzione moderna e sicura per la cucina professionale e domestica.","### Affettatartufo in Polietilene Alimentare
L’Affettatartufo in polietilene alimentare è uno strumento innovativo progettato per garantire massima sicurezza igienica e precisione nel taglio del tartufo. Realizzato in polietilene certificato per uso alimentare, elimina completamente il contatto tra il legno e gli alimenti, offrendo una soluzione moderna e sicura per la cucina professionale e domestica.
Certificato HACCP, questo affettatartufo è progettato per garantire il massimo livello di sicurezza alimentare, riducendo il rischio di contaminazioni e assicurando una preparazione degli alimenti più igienica.
Inoltre, può essere personalizzato con il proprio nome, logo o messaggio, trasformandolo in un accessorio unico ed esclusivo.
## Caratteristiche dell’Affettatartufo in Polietilene Alimentare
Tipologia: Affettatartufo professionaleMateriale: Polietilene alimentare certificatoCertificazione: HACCPPersonalizzazione: Incisione con nome, logo o testoLama: Acciaio resistente ad alta precisione
Uno strumento progettato per garantire sicurezza, funzionalità e durata nel tempo.
## Sicurezza Alimentare e Igiene
Il polietilene alimentare utilizzato per questo affettatartufo è stato scelto per offrire massima sicurezza nel contatto con gli alimenti.
Vantaggi principali:
materiale certificato per uso alimentare
conforme agli standard HACCP
nessun contatto tra legno e alimenti
maggiore igiene durante la preparazione
Una soluzione moderna che unisce sicurezza e qualità professionale.
## Prestazioni e Precisione di Taglio
Questo affettatartufo è progettato per garantire tagli precisi e uniformi, fondamentali per valorizzare al meglio il tartufo.
Caratteristiche principali:
lame affilate e resistenti
taglio fluido e preciso
controllo ottimale durante l’utilizzo
perfetta maneggevolezza
Grazie al suo design ergonomico, permette di affettare il tartufo con facilità e precisione.
## Personalizzazione
Un elemento distintivo di questo affettatartufo è la possibilità di personalizzazione.
Può essere inciso con:
il proprio nome
il logo aziendale
una dedica o messaggio speciale
Questo lo rende ideale anche come regalo esclusivo o come accessorio personalizzato per ristoranti e chef professionisti.
## Perché scegliere l’Affettatartufo in Polietilene Alimentare
✔ Realizzato in polietilene alimentare certificato HACCP✔ Maggiore sicurezza igienica rispetto ai modelli in legno✔ Taglio preciso e uniforme✔ Strumento professionale ma facile da utilizzare✔ Personalizzabile con nome o logo✔ Ideale per chef e appassionati di cucina
È lo strumento perfetto per chi desidera affettare il tartufo con precisione, sicurezza e stile.
## Come utilizzarlo al meglio
Utilizzo consigliato:
Posizionare il tartufo sulla superficie della lama.
Far scorrere delicatamente il tartufo sull’affettatartufo.
Regolare la pressione per ottenere fette sottili e uniformi.
Affettare direttamente sopra il piatto per preservare l’aroma.
Ideale per affettare:
Tartufo fresco
Tartufo conservato
Funghi
Parmigiano e formaggi stagionati
Verdure sottili per piatti gourmet
## Manutenzione e Pulizia
Lavare dopo l’uso con acqua tiepida e detergente delicato.
Asciugare accuratamente per mantenere lo strumento in perfette condizioni e garantire la massima igiene.
## Domande Frequenti (FAQ)
Il materiale è sicuro per il contatto con gli alimenti?Sì, è realizzato in polietilene alimentare certificato HACCP, progettato per garantire sicurezza e igiene.
È possibile personalizzarlo?Sì, può essere inciso con nome, logo o messaggio, rendendolo un accessorio unico.
È adatto anche ai non professionisti?Assolutamente sì. È progettato per essere utilizzato facilmente sia da chef professionisti sia da appassionati di cucina.",,,,,,,,,,,false,,true,true,2026-09-13T20:14:44+02:00,2026-09-13
,tin-caviar:15699913343308,tincaviar-lattine-per-caviale,TinCaviar Lattine per Caviale,EUR,171.60,,false,Tin Caviar,https://tincaviar.com/products/tincaviar-lattine-per-caviale,https://cdn.shopify.com/s/files/1/0837/7650/4140/files/lattine-tincaviar_2.png?v=1776183930 | https://cdn.shopify.com/s/files/1/0837/7650/4140/files/lattine-tincaviar_3.png?v=1776183931 | https://cdn.shopify.com/s/files/1/0837/7650/4140/files/lattine-tincaviar_1.png?v=1776183931,Lattine in banda stagnata e alluminio per il confezionamento del caviale e delle uova di pesce.,"Lattine vuote per caviale
Lattine in banda stagnata e alluminio per il confezionamento del caviale e delle uova di pesce.
Utilizzate da aziende del settore e disponibili anche per acquisti diretti.
Le lattine TinCaviar sono progettate per il confezionamento professionale del caviale, sia per utilizzo industriale che per applicazioni retail.
Sono utilizzate da allevamenti, importatori e aziende di riconfezionamento che lavorano con caviale in Original Tin e necessitano di contenitori per formati più piccoli.
Adatte anche a clienti privati e operatori gourmet che cercano soluzioni di qualità per il confezionamento e la presentazione del prodotto.
Caratteristiche principali:
Materiali idonei al contatto alimentare
Disponibili in banda stagnata e alluminio
Chiusura ermetica
Compatibili con i formati più diffusi
Finitura professionale
Adatte a confezionamento, distribuzione e vendita
Utilizzo:
riconfezionamento da Original Tin
vendita al dettaglio
distribuzione gourmet
private label
confezioni regalo
utilizzo domestico e degustazioni
Ordine e disponibilità:
Ordine minimo: 1 cartone
Contenuto indicativo: circa 1.000 pezzi (variabile per formato)
Prodotti disponibili a stock
Spedizione rapida
Spedizione:
Gli ordini partono dai nostri magazzini in Europa e Stati Uniti garantendo la consegna in 24-72 ore in tutto il mondo.",,,,,,,,500 pz / 10 grammi | 500 pz / 20 grammi | 500 pz / 30 grammi | 500 pz / 50 grammi | 300 pz / 100 grammi | 120 pz / 250 grammi | 100 pz / 500 grammi | 36 pz / 1000 grammi,,,false,,true,true,2026-09-13T20:24:34+02:00,2026-09-13
,luxureat:9896869888298,tartare-di-ricciola,Tartare di Ricciola,EUR,24.16,,false,LuxurEat,https://luxureat.it/products/tartare-di-ricciola,https://cdn.shopify.com/s/files/1/0926/2609/2330/files/tartare-di-ricciola.png?v=1758785382,Tartare di Ricciola Abbattuta – Pesce Crudo Premium | Spedizione Refrigerata 24/48h,"Tartare di Ricciola Abbattuta – Pesce Crudo Premium | Spedizione Refrigerata 24/48h
La Tartare di Ricciola è un preparato di pesce crudo di alta qualità ottenuto dalla tritatura a mano della polpa di Seriola dumerili, conosciuta anche come amberjack, uno dei pesci più pregiati e apprezzati nella cucina gourmet.
Ogni lotto viene:
✔ Selezionato con criteri rigorosi✔ Lavorato in ambienti certificati✔ Sottoposto ad abbattimento termico professionale✔ Conservato a temperatura controllata
Risultato: una tartare sicura, pronta al consumo e perfetta per ricreare l’esperienza del ristorante stellato direttamente a casa.
## Sicurezza Alimentare: La Nostra Priorità Assoluta
Sappiamo che quando acquisti pesce crudo online, la prima domanda è: “È davvero sicuro?” La risposta è sì. E ti spieghiamo perché.
### Abbattimento Termico Professionale
La ricciola viene abbattuta rapidamente a temperature controllate (fino a -40°C nel processo di abbattimento), eliminando ogni rischio biologico come l’Anisakis e preservando le proprietà organolettiche.
### Conservazione a -18°C
Il prodotto viene mantenuto costantemente a temperatura controllata.
### Spedizione con Catena del Freddo Garantita
✔ Imballaggio isotermico professionale✔ Mantenimento della temperatura negativa✔ Consegna rapida 24/48h
La catena del freddo non viene interrotta.
Questo è ciò che trasforma una semplice tartare in un prodotto sicuro e certificato.
## Caratteristiche della Tartare di Ricciola
Colore: rosato brillante
Odore: fresco e delicato
Gusto: equilibrato, saporito ma fine
Texture: compatta, morbida e setosa
La ricciola si distingue per la sua carne soda ma delicata, con una leggera dolcezza marina che la rende perfetta per il consumo a crudo.
## Ingredienti
Ricciola (Seriola dumerili)
Nessun conservante. Nessun additivo. Solo pesce di qualità superiore.
## Come Consumare la Tartare di Ricciola
### Scongelamento corretto
Riporre in frigorifero a +4°C
Attendere lo scongelamento graduale
Consumare entro 24 ore
Non ricongelare.
### Idee di abbinamento gourmet
Olio extravergine delicato
Scorza di lime o limone
Avocado maturo
Sale Maldon
Pepe rosa
Perfetta anche per:
Tartare con emulsione agli agrumi
Antipasti gourmet
Sushi e poke bowl
Impiattamenti fine dining
## Conservazione
Conservare a -18°C
Shelf life: 12 mesi dalla data di produzione
Dopo lo scongelamento, consumare entro 24 ore
Non ricongelare
## Valori Nutrizionali (per 100 g)
Energia: 146 kcal / 610 kJ
Grassi: 5,3 g
di cui saturi 0,13 g
Carboidrati: 0,0 g
di cui zuccheri 0,0 g
Proteine: 23,2 g
Sale: 0,1 g
Ricca di proteine nobili e naturalmente povera di carboidrati.
## Perché scegliere la nostra Tartare di Ricciola
✔ Pesce abbattuto per consumo a crudo✔ Pronta all’uso, già pulita e porzionata✔ Ideale per cene eleganti a casa✔ Sicurezza certificata✔ Spedizione refrigerata garantita
Non stai acquistando solo pesce crudo.Stai acquistando tranquillità, qualità e un’esperienza gourmet pronta in pochi minuti.
## Domande Frequenti (FAQ)
La tartare è sicura da mangiare cruda?
Sì. Il prodotto viene abbattuto termicamente secondo normativa per il consumo a crudo.
Cosa succede se la consegna ritarda?
L’imballaggio isotermico mantiene la temperatura negativa per tutto il trasporto previsto.
Posso usarla per sushi?
Sì, è idonea al consumo a crudo e perfetta per sushi, sashimi e poke.
Quanto dura una volta scongelata?
Va consumata entro 24 ore e non deve essere ricongelata.",,,,,,,,100g,,,true,0,false,true,2026-09-13T20:56:00+02:00,2026-09-13
,luxureat:9895893631274,tartare-di-scampi,Tartare di scampi,EUR,26.60,,false,LuxurEat,https://luxureat.it/products/tartare-di-scampi,https://cdn.shopify.com/s/files/1/0926/2609/2330/files/tartare-di-scampi.png?v=1758726286,Tartare di Scampi Mediterranei Abbattuti – Pronta al Consumo | Spedizione Refrigerata,"Tartare di Scampi Mediterranei Abbattuti – Pronta al Consumo | Spedizione Refrigerata
La Tartare di Scampi è un prodotto premium ottenuto da polpa selezionata di Nephrops norvegicus, crostaceo tra i più pregiati del Mar Mediterraneo.
Grazie al processo di abbattimento termico professionale, è idonea al consumo a crudo e pronta per essere servita in totale sicurezza.
Perfetta per antipasti gourmet, sushi, crudi di mare e piatti fine dining.
## Sicurezza Garantita: Scampi Abbattuti per Consumo a Crudo
Quando si acquista pesce o crostacei crudi online, la sicurezza è fondamentale.
Ecco cosa garantiamo:
✔ Abbattimento termico conforme alla normativa per il consumo a crudo✔ Conservazione costante a -18°C✔ Catena del freddo mantenuta durante tutta la spedizione✔ Imballaggio isotermico professionale
La tartare arriva a casa tua pronta da scongelare e servire, in totale tranquillità.
## Origine e Tracciabilità
Origine: Italia
Zona FAO: 37.1/2 – Mar Mediterraneo
Metodo di pesca: Reti da traino (OTB)
Stato fisico: Congelato
Shelf life: 18 mesi dal confezionamento
La provenienza mediterranea garantisce qualità, freschezza e gusto autentico.
## Caratteristiche Organolettiche
Colore: rosato con sfumature giallo-arancio
Odore: delicato, con sentori di salsedine
Gusto: dolce, elegante e inconfondibile
Consistenza: compatta e morbida
Lo scampo è noto per la sua naturale dolcezza marina e la texture vellutata, che lo rendono perfetto per preparazioni crude.
## Ingredienti
Scampi (Nephrops norvegicus)
Conservante: metabisolfito di sodio (E222)
Antiossidanti: acido citrico (E330), citrato di sodio (E331)
Stabilizzante: difosfato disodico (E450)
### Allergeni
Contiene crostacei e solfiti.
## Come Consumare la Tartare di Scampi
### Scongelamento corretto
Riporre in frigorifero a +4°C
Lasciare scongelare lentamente
Consumare entro 24 ore
Non ricongelare
### Idee di abbinamento gourmet
Olio extravergine delicato
Lime o limone fresco
Pepe rosa
Burrata o stracciatella
Caviale o bottarga per versioni premium
Perfetta anche per:
Sushi e sashimi
Tartare con avocado
Crudi di mare
Antipasti raffinati
## Conservazione
Conservare a -18°C
Dopo scongelamento, consumare entro 24 ore
Non ricongelare
## Valori Nutrizionali (per 100 g)
Energia: 86 kcal (360 kJ)
Grassi: 1,9 g
di cui saturi 0,3 g
Carboidrati: 1,0 g
di cui zuccheri 0,0 g
Proteine: 16,2 g
Sale: 1,0 g
Naturalmente ricca di proteine e povera di grassi.
## Perché scegliere la nostra Tartare di Scampi
✔ Scampi Mediterranei FAO 37 certificati✔ Idonei al consumo a crudo✔ Già puliti e pronti all’uso✔ Ideali per ristorazione o cene eleganti a casa✔ Spedizione refrigerata 24/48h
Non stai acquistando solo crostacei.Stai acquistando sicurezza, qualità e un’esperienza gourmet pronta in pochi minuti.
## Domande Frequenti (FAQ)
La tartare è sicura da mangiare cruda?
Sì, il prodotto è stato abbattuto termicamente secondo normativa per il consumo a crudo.
Gli scampi sono italiani?
Sì, provengono dal Mar Mediterraneo (Zona FAO 37.1/2).
Cosa succede se il corriere ritarda?
L’imballaggio isotermico mantiene la temperatura adeguata durante il trasporto previsto.
Posso usarla per sushi?
Assolutamente sì, è idonea per sushi, sashimi e crudi.",,,,,,,,100g,,,false,,true,true,2026-09-13T20:56:00+02:00,2026-09-13
,luxureat:9895889305898,tartare-di-tonno,Tartare di Tonno,EUR,24.16,,false,LuxurEat,https://luxureat.it/products/tartare-di-tonno,https://cdn.shopify.com/s/files/1/0926/2609/2330/files/tartare-di-tonno.png?v=1758725903,"La Tartare di Tonno è ottenuta da Thunnus albacares, conosciuto come tonno pinna gialla, tra le specie più apprezzate per preparazioni crude e sushi.","Tartare di Tonno Pinna Gialla Abbattuto –  | Spedizione Refrigerata 24/48h
La Tartare di Tonno è ottenuta da Thunnus albacares, conosciuto come tonno pinna gialla, tra le specie più apprezzate per preparazioni crude e sushi.
La carne si distingue per:
Colore rosso intenso e brillante
Struttura compatta e uniforme
Sapore delicato e leggermente sapido
Grazie al processo di abbattimento termico professionale, è idonea al consumo a crudo e pronta per essere servita in totale sicurezza.
## Sicurezza Alimentare: Tonno Abbattuto per Consumo a Crudo
Quando si acquista tartare di tonno online, la sicurezza è il primo fattore di fiducia.
Ecco cosa garantiamo:
✔ Abbattimento termico conforme alla normativa✔ Conservazione costante a ≤ -18°C✔ Catena del freddo mantenuta durante tutta la spedizione✔ Imballaggio isotermico professionale✔ Consegna rapida 24/48h
Il prodotto arriva a casa tua pronto per essere scongelato e servito, senza rischi.
## Caratteristiche Organolettiche
Aspetto: carne compatta, rosso brillante
Odore: delicato, con leggere note di mare
Gusto: equilibrato, sapido e inconfondibile
Texture: soda ma morbida al taglio
Il tonno pinna gialla è ideale sia per tartare classiche sia per preparazioni creative gourmet.
## Ingredienti
Tonno pinna gialla (Thunnus albacares)
Antiossidanti: acido ascorbico (E300), ascorbato di sodio (E301), citrato di sodio (E331), citrato di potassio (E332)
Aromi naturali
Saccarosio
Destrosio
Sale
### Allergeni
Contiene pesce.
## Modalità di Conservazione
Conservare a temperatura ≤ -18°C
Dopo lo scongelamento, conservare a ≤ +4°C
Consumare entro 24 ore
Non ricongelare
## Come Servire la Tartare di Tonno
### Scongelamento corretto
Riporre in frigorifero a +4°C
Lasciare scongelare lentamente
Consumare entro 24 ore
### Idee di abbinamento gourmet
Olio extravergine leggero
Salsa di soia premium
Avocado e lime
Sesamo tostato
Cipolla rossa di Tropea
Perfetta per:
Sushi e sashimi
Poke bowl
Tartare con agrumi
Antipasti gourmet
## Valori Nutrizionali (per 100 g)
Energia: 203 kcal (850 kJ)
Grassi: 11 g
di cui saturi: 4,5 g
Carboidrati: <0,1 g
di cui zuccheri: <0,01 g
Proteine: 26 g
Sale: 1,45 g
Ricca di proteine e naturalmente povera di carboidrati.
## Perché scegliere la nostra Tartare di Tonno
✔ Tonno pinna gialla qualità sushi✔ Idoneo al consumo a crudo✔ Già pronto e porzionato✔ Ideale per cene eleganti o ristorazione✔ Spedizione refrigerata garantita
Non stai acquistando solo tonno crudo.Stai acquistando qualità, sicurezza e un’esperienza gourmet pronta in pochi minuti.
## Domande Frequenti (FAQ)
Il tonno è sicuro da mangiare crudo?
Sì, è stato sottoposto ad abbattimento termico conforme alla normativa per il consumo a crudo.
È adatto per sushi?
Assolutamente sì, è perfetto per sushi, sashimi e poke.
Cosa succede se la spedizione subisce ritardi?
L’imballaggio isotermico mantiene la temperatura controllata durante il trasporto previsto.
Quanto dura dopo lo scongelamento?
Va consumato entro 24 ore e non deve essere ricongelato.",,,,,,,,100g,,,true,0,false,true,2026-09-13T20:56:00+02:00,2026-09-13
,luxureat:9895883374890,tartare-di-pesce-spada,Tartare di pesce spada,EUR,24.16,,false,LuxurEat,https://luxureat.it/products/tartare-di-pesce-spada,https://cdn.shopify.com/s/files/1/0926/2609/2330/files/tartare-pesce-spada.png?v=1758725436,Tartare di Pesce Spada del Mediterraneo Abbattuto – Pronta al Consumo | Spedizione Refrigerata 24/48h,"Tartare di Pesce Spada del Mediterraneo Abbattuto – Pronta al Consumo | Spedizione Refrigerata 24/48h
La Tartare di Pesce Spada del Mediterraneo è ottenuta dalla tritatura a mano della polpa di Xiphias gladius, uno dei pesci più nobili e apprezzati nella cucina italiana.
Subito dopo la lavorazione, il prodotto viene abbattuto termicamente per preservarne:
gusto autentico
aroma naturale
sicurezza alimentare
È pronta al consumo crudo e perfetta per chi desidera ricreare a casa un’esperienza gourmet da ristorante.
## Sicurezza Alimentare Certificata
Acquistare pesce spada crudo online richiede fiducia. Per questo garantiamo:
✔ Abbattimento a temperatura ≤ -20°C al cuore per almeno 24 ore (come previsto dalla normativa vigente per il consumo a crudo)✔ Conservazione costante a -18°C✔ Spedizione con imballaggio isotermico professionale✔ Catena del freddo mantenuta durante il trasporto
Il risultato è un prodotto sicuro, controllato e pronto da gustare.
## Origine e Tracciabilità
Denominazione scientifica: Xiphias gladius
Zona di pesca: Mar Mediterraneo – FAO 37.2.2
Stato fisico: Congelato
Shelf life: 12 mesi dalla data di produzione
La provenienza mediterranea garantisce qualità, freschezza e sapore autentico.
## Caratteristiche Organolettiche
Aspetto: carne compatta e magra
Colore: rosato brillante
Odore: delicato e tipico del pesce fresco
Sapore: dolce, leggermente sapido e raffinato
Texture: soda ma morbida al taglio
Il pesce spada si distingue per la sua struttura compatta e il gusto equilibrato, ideale per preparazioni crude.
## Ingredienti
Pesce spada (Xiphias gladius)
### Allergeni
Contiene pesce.
## Modalità di Consumo
Il prodotto può essere consumato crudo poiché ha subito abbattimento termico conforme alla normativa per il consumo a crudo.
## Consigli d’Uso Gourmet
Perfetto per:
Tartare classiche
Carpacci
Antipasti di mare
Crudi mediterranei
### Abbinamenti consigliati
Olio extravergine delicato
Scorza di limone o lime
Pepe rosa
Capperi di Pantelleria
Avocado o finocchio croccante
Si abbina perfettamente a vini bianchi minerali o bollicine metodo classico.
## Conservazione
Conservare a -18°C
Dopo lo scongelamento, conservare a +4°C
Consumare entro 24 ore
Non ricongelare
## Valori Nutrizionali (per 100 g)
Energia: 144 kcal (602 kJ)
Grassi: 6,6 g
di cui saturi: 1,6 g
Carboidrati: 0,0 g
di cui zuccheri: 0,0 g
Proteine: 19,6 g
Sodio: 81 mg
Naturalmente ricco di proteine e privo di carboidrati.
## Perché scegliere la nostra Tartare di Pesce Spada
✔ Pesce spada Mediterraneo FAO 37✔ Idoneo al consumo a crudo✔ Lavorazione artigianale✔ Pronto all’uso✔ Spedizione refrigerata 24/48h
Non stai acquistando solo pesce crudo.Stai acquistando sicurezza, qualità certificata e un’esperienza gourmet pronta in pochi minuti.
## Domande Frequenti (FAQ)
È sicuro mangiare il pesce spada crudo?
Sì, il prodotto è stato abbattuto secondo normativa per il consumo a crudo.
Il pesce è mediterraneo?
Sì, proviene dal Mar Mediterraneo (FAO 37.2.2).
Quanto dura dopo lo scongelamento?
Va consumato entro 24 ore e non deve essere ricongelato.
Posso usarlo per carpacci?
Assolutamente sì, è ideale per carpacci, tartare e crudi.",,,,,,,,100g,,,true,0,false,true,2026-09-13T20:56:00+02:00,2026-09-13
,luxureat:9895876034858,tartare-di-mazzancolla,Tartare di Mazzancolla,EUR,24.16,,false,LuxurEat,https://luxureat.it/products/tartare-di-mazzancolla,https://cdn.shopify.com/s/files/1/0926/2609/2330/files/Progettosenzatitolo.png?v=1758725233,Tartare di Mazzancolla Abbattuta – Crostacei Premium per Consumo a Crudo | Spedizione Refrigerata 24/48h,"Tartare di Mazzancolla Abbattuta – Crostacei Premium per Consumo a Crudo | Spedizione Refrigerata 24/48h
La Tartare di Mazzancolla è una prelibatezza marina ottenuta da Melicertus kerathurus, crostaceo rinomato per le sue carni compatte, rosate e brillanti.
Il suo gusto è:
delicato ma intenso
dolce e leggermente sapido
elegante e persistente
Grazie al processo di abbattimento a -20°C per almeno 24 ore, è idonea al consumo a crudo secondo normativa vigente.
Perfetta per tartare gourmet, antipasti raffinati e piatti di alta cucina.
## Sicurezza Alimentare Garantita
Chi acquista crostacei crudi online vuole una sola certezza: sicurezza.
Ecco cosa garantiamo:
✔ Abbattimento termico conforme alla normativa per il consumo a crudo✔ Conservazione costante a ≤ -18°C✔ Catena del freddo mantenuta durante il trasporto✔ Imballaggio isotermico professionale✔ Consegna rapida 24/48h
Il prodotto arriva pronto da scongelare e servire in totale tranquillità.
## Origine e Tracciabilità
Specie: Melicertus kerathurus (TGS)
Metodo di produzione: pescato
Zona FAO: 37.2.2 – Mediterraneo Centrale
Paese d’origine: Tunisia
Stato fisico: Congelato
Shelf life: 18 mesi dalla data di congelamento
## Caratteristiche Organolettiche
Aspetto: carni compatte, rosate e brillanti
Odore: tipico di salsedine
Sapore: dolce, delicato e inconfondibile
Texture: soda ma morbida al palato
La mazzancolla si distingue per una dolcezza naturale superiore rispetto ad altri crostacei.
## Ingredienti
Mazzancolle (Melicertus kerathurus)
Antiossidante: Metabisolfito di sodio (E-223)
Ascorbato di sodio (E-301)
Acido citrico (E-330)
Citrati di sodio (E-331)
Difosfati di sodio (E-450)
Cloruro di sodio
### Allergeni
Contiene crostacei e solfiti.
## Modalità d’Uso
### Scongelamento corretto
Riporre in frigorifero a ≤ +4°C
Lasciare scongelare lentamente
Consumare entro 24 ore
Non ricongelare
### Ideale per
Tartare fresche
Carpacci di crostacei
Antipasti di mare
Sushi e piatti gourmet
### Abbinamenti consigliati
Olio extravergine delicato
Lime o limone fresco
Pepe rosa
Avocado
Stracciatella o burrata per versioni creative
## Conservazione
Conservare a temperatura ≤ -18°C
Dopo lo scongelamento: ≤ +4°C
Consumare entro 24 ore
Non ricongelare
## Valori Nutrizionali Medi (per 100 g)
Energia: 203 kJ (85 kcal)
Grassi: 1,1 g
di cui saturi: 0,5 g
Carboidrati: <0,1 g
di cui zuccheri: <0,1 g
Proteine: 20 g
Sale: 1,45 g
Ricca di proteine, povera di grassi e naturalmente leggera.
## Informazioni Commerciali
Confezione: 1 cartoncino da 50 pz in busta sottovuoto
Peso unitario: 50–80 g circa
## Perché scegliere la nostra Tartare di Mazzancolla
✔ Crostacei Mediterraneo FAO 37✔ Idonei al consumo a crudo✔ Pescato selezionato✔ Pronta all’uso✔ Spedizione refrigerata garantita
Non stai acquistando solo crostacei crudi.Stai acquistando sicurezza, qualità certificata e un’esperienza gourmet pronta in pochi minuti.
## Domande Frequenti (FAQ)
La tartare è sicura da mangiare cruda?
Sì, è stata sottoposta ad abbattimento termico conforme alla normativa.
Le mazzancolle sono mediterranee?
Sì, provengono dal Mediterraneo Centrale (FAO 37.2.2).
Quanto dura dopo lo scongelamento?
Va consumata entro 24 ore e non deve essere ricongelata.
È adatta per sushi?
Sì, è perfetta per sushi, carpacci e crudi di mare.",,,,,,,,100 g,,,true,0,false,true,2026-09-13T20:56:00+02:00,2026-09-13
,luxureat:9842030051626,burger-di-fassona-al-tartufo-nero-200-gr,Burger di Fassona al Tartufo Nero 200 g,EUR,17.08,,false,LuxurEat,https://luxureat.it/products/burger-di-fassona-al-tartufo-nero-200-gr,https://cdn.shopify.com/s/files/1/0926/2609/2330/files/Fassona-BlackTruffle_1200x800_4b29a403-599a-44b3-ac90-c99dd866e894.png?v=1752732095,Il Burger di Fassona al Tartufo Nero unisce la qualità della carne bovina di razza Fassona 100% italiana al profumo elegante del tartufo nero (Tuber aestivum Vitt.).,"Burger di Fassona al Tartufo Nero 200 g – Hamburger Gourmet 100% Italiano
Il Burger di Fassona al Tartufo Nero unisce la qualità della carne bovina di razza Fassona 100% italiana al profumo elegante del tartufo nero (Tuber aestivum Vitt.).
Un hamburger gourmet pronto da cuocere, pensato per chi desidera portare a casa un’esperienza da ristorante, con ingredienti selezionati e gusto autentico.
La Fassona è famosa per essere una carne:
naturalmente magra
tenera e succosa
dal sapore delicato ed equilibrato
Perfetta per valorizzare l’aroma del tartufo senza coprirlo.
## Perché scegliere il Burger di Fassona al Tartufo
✔ Carne 100% italiana di razza Fassona✔ Taglio magro e digeribile✔ Con vero tartufo nero✔ Pronto da cucinare✔ Ideale per cucina gourmet domestica
Non è un semplice hamburger: è un secondo piatto premium.
## Ingredienti
Carne bovina di razza Fassona 98%
Tartufo nero 1% (Tuber aestivum Vitt.)
Sale
Aromi naturali
Senza ingredienti superflui: solo qualità e gusto.
## Profilo Sensoriale
Aroma: delicato con note eleganti di tartufo nero
Gusto: equilibrato, autentico e raffinato
Texture: tenera e succosa
Persistenza: lunga ma armonica
Il tartufo esalta la carne senza sovrastarla.
## Come Cucinarlo (Consigli Chef)
### In padella
Cuocere 3–4 minuti per lato su piastra ben calda
Non schiacciare la carne durante la cottura
Lasciare riposare 1 minuto prima di servire
### Alla griglia
Perfetto per barbecue gourmet.
### Consiglio gourmet
Aggiungere a fine cottura:
scaglie di parmigiano
un filo di olio al tartufo
pane brioche tostato
## Idee di Abbinamento
Panino gourmet con cipolla caramellata
Patate arrosto o chips artigianali
Verdure grigliate
Vini rossi strutturati o birre artigianali
## Conservazione
Conservare in frigorifero tra 0°C e +4°C oppure secondo indicazioni di confezione
Consumare entro la data indicata
Prodotto pronto da cuocere
Peso: 200 g
## Domande Frequenti (FAQ)
Cos’è la carne Fassona?
È una razza bovina piemontese rinomata per la carne magra, tenera e altamente digeribile.
Il tartufo è reale?
Sì, contiene tartufo nero (Tuber aestivum Vitt.).
È già pronto da cucinare?
Sì, basta cuocerlo direttamente in padella o alla griglia.
È adatto per panini gourmet?
Assolutamente sì, è ideale per burger premium.",,,,,,,,200 gr | 125 gr,,,false,,true,true,2026-09-13T20:56:00+02:00,2026-09-13
,luxureat:9892394533162,maionese-vegana-al-tartufo,Maionese Vegana al Tartufo,EUR,13.81,,false,LuxurEat,https://luxureat.it/products/maionese-vegana-al-tartufo,https://cdn.shopify.com/s/files/1/0926/2609/2330/files/maionese-al-tartufo.png?v=1758204041,"La Maionese Vegana al Tartufo LuxurEat è una salsa gourmet senza uova, realizzata con 5% di tartufo nero vero e una punta di senape che sostituisce il limone, donando un’acidità più elegante e bilanciata.","Maionese Vegana al Tartufo 5% – Salsa Gourmet Senza Uova
Questa non è la solita maionese.
La Maionese Vegana al Tartufo LuxurEat è una salsa gourmet senza uova, realizzata con 5% di tartufo nero vero e una punta di senape che sostituisce il limone, donando un’acidità più elegante e bilanciata.
È ricca, sincera, moderna.Pensata per chi ama i sapori intensi, naturali e distintivi.
## Perché scegliere la nostra Maionese Vegana al Tartufo
✔ 5% di tartufo nero vero✔ 100% vegana – senza uova✔ Cremosa e stabile✔ Perfetta per cucina gourmet✔ Shelf life: 24 mesi
Non è un semplice condimento: è un elemento di carattere che trasforma qualsiasi piatto.
## Profilo Aromatico
Aroma: intenso e naturale di tartufo nero
Gusto: ricco, avvolgente, con elegante nota di senape
Texture: cremosa, compatta e vellutata
Finale: persistente e armonico
La presenza reale di tartufo (5%) garantisce un sapore autentico, non artificiale.
## Ingredienti
Olio vegetale
Tartufo nero (5%)
Senape
Aceto
Sale
Senza uova.Senza ingredienti superflui.Solo ciò che serve per un gusto deciso e naturale.
## Come Usarla: Idee Gourmet
La Maionese Vegana al Tartufo è estremamente versatile:
### Perfetta per:
Panini gourmet e burger vegetali
Verdure grigliate
Patatine artigianali
Dressing per insalate premium
Base per salse creative
### Abbinamenti ideali:
Patate al forno croccanti
Carpacci vegetali
Toast con funghi
Burger plant-based
Uova (per chi non è vegano ma vuole un’alternativa più leggera)
È la salsa che eleva anche il piatto più semplice.
## Conservazione
Conservare in luogo fresco e asciutto
Dopo l’apertura, tenere in frigorifero
Shelf life: 24 mesi (prodotto chiuso)",,,,,,,,100 gr,,,false,,true,true,2026-09-13T20:56:00+02:00,2026-09-13
,luxureat:9842870321450,cioccolatini-desire-al-tartufo-e-peperoncino-50-gr,Cioccolatini Desirè al tartufo e peperoncino 50 gr,EUR,12.08,,false,LuxurEat,https://luxureat.it/products/cioccolatini-desire-al-tartufo-e-peperoncino-50-gr,https://cdn.shopify.com/s/files/1/0926/2609/2330/files/Desire-chili-truffle-Chocolate.png?v=1752811788,Cioccolatini Desiré al Tartufo Nero e Peperoncino Calabrese – 50 g | Lusso Gourmet,"Cioccolatini Desiré al Tartufo Nero e Peperoncino Calabrese – 50 g | Lusso Gourmet
Lasciati sedurre dall’audace armonia di cioccolato pregiato, tartufo nero e un tocco di peperoncino calabrese.
I Cioccolatini Desiré al Tartufo e Peperoncino sono una prelibatezza di lusso che unisce:
La morbida ricchezza del cioccolato di alta qualità
L’eleganza terrosa del tartufo nero
Una leggera nota piccante finale
Un’esperienza sensoriale sofisticata, pensata per chi ama i contrasti raffinati.
## Un equilibrio perfetto di sapori
Ogni morso regala:
Apertura avvolgente di cacao intenso
Cuore aromatico con note profonde di tartufo nero
Chiusura elegante con un delicato accenno di peperoncino
Il risultato è un cioccolatino gourmet che sorprende senza mai essere eccessivo.
## Perché scegliere i Cioccolatini Desiré
✔ Abbinamento esclusivo tartufo nero & peperoncino✔ Cioccolato di alta qualità✔ Perfetti come regalo gourmet✔ Ideali per fine pasto raffinati✔ Confezione da 50 g elegante e compatta
Non sono semplici praline: sono un’esperienza.
## Ideali per
Regalo di classe
Degustazioni gourmet
Abbinamento con vini passiti
Dessert originali
Momenti speciali
### Abbinamenti consigliati
Vini rossi strutturati
Passiti o Marsala
Rum invecchiato
Caffè espresso intenso
## Profilo Sensoriale
Aroma: cacao intenso con note terrose
Gusto: dolce equilibrato, leggermente piccante
Texture: morbida e vellutata
Persistenza: lunga e avvolgente
## Confezione
Formato: 50 g
Ideale anche come piccola idea regalo gourmet",,,,,,,,50 gr,,,true,0,false,true,2026-09-13T20:56:00+02:00,2026-09-13
,luxureat:9842850300202,trufflemist-spray-al-tartufo-100-ml,Trufflemist spray al tartufo 100 ml,EUR,12.20,,false,LuxurEat,https://luxureat.it/products/trufflemist-spray-al-tartufo-100-ml,https://cdn.shopify.com/s/files/1/0926/2609/2330/files/Luxureat-trufflemist.png?v=1752811271,"Trufflemist Spray al Tartufo è un condimento gourmet innovativo pensato per aggiungere profondità, eleganza e intensità aromatica ai tuoi piatti in modo semplice e immediato.","Trufflemist Spray al Tartufo 100 ml – Aroma Gourmet Istantaneo
Trufflemist Spray al Tartufo è un condimento gourmet innovativo pensato per aggiungere profondità, eleganza e intensità aromatica ai tuoi piatti in modo semplice e immediato.
Basta una vaporizzazione per trasformare una ricetta quotidiana in un’esperienza raffinata.
## Perché scegliere Trufflemist
✔ Aroma intenso e bilanciato✔ Dosaggio preciso e uniforme✔ Formato pratico da 100 ml✔ Ideale per uso domestico e professionale✔ Zero sprechi
Non unge, non appesantisce: esalta.
## Come usarlo
Perfetto per:
Pasta fresca
Risotti cremosi
Uova strapazzate o al tegamino
Verdure grigliate
Carpacci
Pizza gourmet
Patate al forno
### Consiglio da chef
Vaporizzare il prodotto a fine cottura, direttamente sul piatto caldo, per sprigionare al meglio l’aroma del tartufo.
## Un gesto, massimo impatto
A differenza dell’olio tradizionale, lo spray permette:
Distribuzione omogenea
Controllo dell’intensità
Maggiore durata del prodotto
Utilizzo anche su preparazioni delicate
È la soluzione ideale per chi desidera un tocco gourmet senza eccessi.
## Formato e Conservazione
Formato: 100 ml
Conservare in luogo fresco e asciutto
Tenere lontano da fonti di calore",,,,,,,,100 ml,,,false,,true,true,2026-09-13T20:56:00+02:00,2026-09-13
,luxureat:9842822807850,salsa-di-soia-al-wasabi-e-tartufo-100-ml,Salsa di soia al wasabi e tartufo 100 ml,EUR,12.20,,false,LuxurEat,https://luxureat.it/products/salsa-di-soia-al-wasabi-e-tartufo-100-ml,https://cdn.shopify.com/s/files/1/0926/2609/2330/files/Luxureat-soy-wasabi-truffle.png?v=1752807797,"La Salsa di Soia al Wasabi e Tartufo è pensata per chi ama la cucina fusion e desidera elevare sushi, carpacci e crudi di mare con un tocco sofisticato.","Salsa di Soia al Wasabi e Tartufo 100 ml – Condimento Gourmet per Sushi e Crudi
Un condimento unico che unisce tre elementi potenti:
La sapidità profonda della salsa di soia
La piccantezza fresca del wasabi
L’aroma elegante e persistente del tartufo
La Salsa di Soia al Wasabi e Tartufo è pensata per chi ama la cucina fusion e desidera elevare sushi, carpacci e crudi di mare con un tocco sofisticato.
## Perché sceglierla
✔ Profilo aromatico complesso ma equilibrato✔ Perfetta per sushi e sashimi✔ Ideale per piatti gourmet e fine dining✔ Formato pratico da 100 ml✔ Intensità controllata
Non è una semplice salsa di soia aromatizzata: è un’esperienza gustativa moderna.
## Profilo Sensoriale
Aroma: elegante nota di tartufo con accento vegetale del wasabi
Gusto: sapido, leggermente piccante e persistente
Finale: lungo, armonico e raffinato
La combinazione crea un perfetto equilibrio tra intensità e finezza.
## Come Usarla
### Perfetta per:
Sushi e sashimi
Tartare di tonno o ricciola
Carpacci di carne o pesce
Gyoza e ravioli orientali
Riso basmati o poke bowl
### Consiglio da chef
Utilizzala come finishing sauce: poche gocce bastano per trasformare il piatto.
## Conservazione
Conservare in luogo fresco e asciutto
Dopo l’apertura, conservare in frigorifero
Formato: 100 ml",,,,,,,,100 ml,,,false,,true,true,2026-09-13T20:56:00+02:00,2026-09-13
,luxureat:9842130911530,olio-di-vinacciolo-al-tartufo-bianco-naturale-250-ml,Olio di Vinacciolo al tartufo bianco naturale 250 ml,EUR,10.98,,false,LuxurEat,https://luxureat.it/products/olio-di-vinacciolo-al-tartufo-bianco-naturale-250-ml,https://cdn.shopify.com/s/files/1/0926/2609/2330/files/LuxureatOilWhite-vinacciolo.png?v=1752741240,Olio di Vinacciolo al Tartufo Bianco Naturale 250 ml – Condimento Gourmet Delicato,"Olio di Vinacciolo al Tartufo Bianco Naturale 250 ml – Condimento Gourmet Delicato
L’Olio di Vinacciolo al Tartufo Bianco Naturale è un condimento raffinato ottenuto da olio di vinacciolo di alta qualità, arricchito con aroma naturale di tartufo bianco.
Grazie al gusto neutro e delicato dell’olio di vinacciolo, l’aroma del tartufo bianco emerge in modo elegante, senza coprire gli altri ingredienti.
Perfetto per chi cerca un olio al tartufo bianco più equilibrato rispetto ai classici oli extravergine aromatizzati.
## Perché scegliere l’olio di vinacciolo al tartufo
✔ Aroma naturale di tartufo bianco✔ Base delicata e leggera✔ Non copre i sapori del piatto✔ Ideale per uso a crudo✔ Formato 250 ml pratico e versatile
È il condimento perfetto per chi ama la finezza, non l’eccesso.
## Profilo Sensoriale
Aroma: elegante, pulito, tipico del tartufo bianco
Gusto: delicato e armonico
Persistenza: raffinata e non invasiva
Texture: leggera e fluida
Il vinacciolo permette una diffusione uniforme dell’aroma senza appesantire il piatto.
## Come Usarlo
### Ideale per:
Carpacci di carne o pesce
Risotti cremosi
Uova al tegamino
Verdure grigliate
Patate al forno
Pasta fresca
### Consiglio da chef
Aggiungere sempre a fine cottura, direttamente sul piatto caldo, per esaltare al massimo il profumo del tartufo bianco.
## Differenza rispetto all’olio extravergine al tartufo
L’olio di vinacciolo:
È più neutro
Non altera il profilo del piatto
È più leggero al palato
Valorizza preparazioni delicate
Perfetto per alta cucina e impiattamenti gourmet.
## Conservazione
Conservare in luogo fresco e asciutto
Tenere lontano da fonti di luce e calore
Richiudere bene dopo l’uso
Formato: 250 ml",,,,,,,,250 ml,,,false,,true,true,2026-09-13T20:56:00+02:00,2026-09-13
,luxureat:9842121441578,olio-extra-vergine-di-oliva-al-peperoncino-di-calabria-250-ml,Olio Extra vergine di oliva al peperoncino di Calabria 250 ml,EUR,13.42,,false,LuxurEat,https://luxureat.it/products/olio-extra-vergine-di-oliva-al-peperoncino-di-calabria-250-ml,https://cdn.shopify.com/s/files/1/0926/2609/2330/files/LuxureatOilBlack-chili.png?v=1752740139,L’Olio Extra Vergine di Oliva al Peperoncino di Calabria unisce la qualità dell’olio extravergine alla forza autentica del peperoncino calabrese.,"L’Olio Extra Vergine di Oliva al Peperoncino di Calabria unisce la qualità dell’olio extravergine alla forza autentica del peperoncino calabrese.
Il risultato è un condimento deciso ma equilibrato, capace di dare vivacità ai piatti senza coprirne i sapori.
Un classico della cucina italiana reinterpretato in chiave gourmet.
## Perché sceglierlo
✔ Olio extravergine di qualità✔ Peperoncino calabrese dal carattere autentico✔ Piccantezza equilibrata e persistente✔ Ideale per uso a crudo o a fine cottura✔ Formato 250 ml pratico e versatile
È il condimento perfetto per chi ama i sapori intensi e veri.
## Profilo Sensoriale
Aroma: fruttato con note piccanti
Gusto: deciso, caldo e armonico
Piccantezza: progressiva e persistente
Finale: netto e pulito
Il peperoncino calabrese dona una spinta energica ma elegante.
## Come Usarlo
### Perfetto per:
Pasta aglio, olio e peperoncino
Pizze artigianali
Carni alla griglia
Bruschette
Verdure grigliate
Zuppe e legumi
### Consiglio da chef
Aggiungere a fine cottura per mantenere intatta la nota piccante e aromatica.
## Differenza rispetto agli oli piccanti comuni
Base di olio extravergine di qualità
Piccantezza naturale, non artificiale
Maggiore equilibrio e persistenza
Adatto anche alla cucina gourmet
## Conservazione
Conservare in luogo fresco e asciutto
Tenere lontano da fonti di luce e calore
Richiudere bene dopo l’uso
Formato: 250 ml",,,,,,,,250 ml,,,false,,true,true,2026-09-13T20:56:00+02:00,2026-09-13
,luxureat:9842108956970,salsa-detox-al-tartufo-nero,Salsa detox al tartufo nero,EUR,10.98,,false,LuxurEat,https://luxureat.it/products/salsa-detox-al-tartufo-nero,https://cdn.shopify.com/s/files/1/0926/2609/2330/files/detox-sauce-blacktruffle_1200x800_6d91001a-4596-4212-ab9b-5f08a70cbcfa.png?v=1752738816,La Salsa Detox Vegetale al Tartufo Nero unisce ingredienti selezionati di origine vegetale all’aroma profondo e avvolgente del tartufo nero.,"Salsa Detox Vegetale al Tartufo Nero – Condimento Gourmet Leggero
La Salsa Detox Vegetale al Tartufo Nero unisce ingredienti selezionati di origine vegetale all’aroma profondo e avvolgente del tartufo nero.
È pensata per chi desidera:
Piatti gourmet
Ingredienti leggeri
Un condimento equilibrato
Un’alternativa moderna alle salse tradizionali
Perfetta per uno stile alimentare consapevole, senza rinunciare al gusto.
## Perché scegliere la Salsa Detox al Tartufo
✔ Formula vegetale✔ Aroma intenso di tartufo nero✔ Leggera e bilanciata✔ Ideale per cucina wellness✔ Versatile e pronta all’uso
È la salsa perfetta per trasformare un piatto semplice in una proposta elegante e contemporanea.
## Profilo Sensoriale
Aroma: intenso e naturale di tartufo nero
Gusto: equilibrato, delicato ma persistente
Texture: cremosa e vellutata
Finale: pulito, non grasso
Una salsa pensata per valorizzare senza appesantire.
## Come Usarla
### Perfetta per:
Verdure grigliate o al vapore
Bowl vegetali
Pasta integrale
Insalate gourmet
Tofu o piatti plant-based
Uova e risotti leggeri
### Consiglio da chef
Utilizzala a crudo o a fine cottura per preservare l’aroma del tartufo nero.
## A chi è consigliata
Chi segue uno stile alimentare equilibrato
Amanti della cucina vegetale
Chef che propongono piatti wellness
Clienti che cercano una salsa al tartufo più leggera
## Conservazione
Conservare in luogo fresco e asciutto
Dopo l’apertura, conservare in frigorifero
Richiudere accuratamente",,,,,,,,180 gr | 500 gr,,,true,0,false,true,2026-09-13T20:56:00+02:00,2026-09-13
,luxureat:9842094375210,salsa-detox-al-tartufo-bianco,Salsa detox al tartufo bianco,EUR,15.86,,false,LuxurEat,https://luxureat.it/products/salsa-detox-al-tartufo-bianco,https://cdn.shopify.com/s/files/1/0926/2609/2330/files/detox-sauce-whitetruffle_1200x800_7276ca83-2c6e-4854-85e3-66f24f936dd0.png?v=1752737367,La Salsa Detox al Tartufo Bianco è una preparazione vegetale raffinata che combina ingredienti naturali a basso contenuto calorico con l’aroma inconfondibile del tartufo bianco.,"Salsa Detox Vegetale al Tartufo Bianco – Condimento Gourmet Leggero e Raffinato
La Salsa Detox al Tartufo Bianco è una preparazione vegetale raffinata che combina ingredienti naturali a basso contenuto calorico con l’aroma inconfondibile del tartufo bianco.
Pensata per chi desidera:
Gusto intenso ma equilibrato
Una salsa leggera
Cucina gourmet in chiave wellness
Un’alternativa moderna alle creme tradizionali
Un condimento sofisticato che valorizza il piatto senza appesantirlo.
## Perché scegliere la Salsa Detox al Tartufo Bianco
✔ Formula vegetale✔ Aroma elegante di tartufo bianco✔ Leggera e bilanciata✔ Ideale per cucina salutare e gourmet✔ Pronta all’uso
È perfetta per chi cerca un condimento raffinato ma più leggero rispetto alle classiche salse al tartufo.
## Profilo Sensoriale
Aroma: fine e persistente, tipico del tartufo bianco
Gusto: delicato, armonico e moderno
Texture: cremosa e vellutata
Finale: pulito e non grasso
Una salsa che esalta senza coprire.
## Come Usarla
### Perfetta per:
Verdure al vapore o grigliate
Risotti leggeri
Pasta integrale
Uova gourmet
Bowl vegetali
Carpacci
### Consiglio da chef
Aggiungere a fine cottura o a crudo per preservare l’aroma del tartufo bianco.
## A chi è consigliata
Chi segue uno stile alimentare equilibrato
Appassionati di cucina vegetale
Chef che propongono piatti wellness
Clienti che cercano una salsa al tartufo più leggera
## Conservazione
Conservare in luogo fresco e asciutto
Dopo l’apertura, conservare in frigorifero
Richiudere accuratamente",,,,,,,,180 gr | 500 gr,,,true,0,false,true,2026-09-13T20:56:00+02:00,2026-09-13
,luxureat:9842020876586,burger-di-fassona-al-tartufo-bianco-200-gr,Burger di fassona al tartufo bianco 200 gr,EUR,17.08,,false,LuxurEat,https://luxureat.it/products/burger-di-fassona-al-tartufo-bianco-200-gr,https://cdn.shopify.com/s/files/1/0926/2609/2330/files/Fassona-WhiteTruffle_1200x800_2a90f8bb-6306-49c0-9b40-692411f74d4e.png?v=1752731636,Burger di Fassona al Tartufo Bianco 200 g – Hamburger Gourmet Premium 100% Italiano,"Burger di Fassona al Tartufo Bianco 200 g – Hamburger Gourmet Premium 100% Italiano
Il Burger di Fassona al Tartufo Bianco è una proposta gastronomica d’eccellenza che unisce la carne bovina di razza Fassona 100% italiana all’aroma raro e raffinato del tartufo bianco (Tuber magnatum Pico).
Tenero, magro e naturalmente saporito, rappresenta il perfetto equilibrio tra autenticità della tradizione italiana e cucina gourmet contemporanea.
Un hamburger premium pensato per trasformare un semplice secondo piatto in un’esperienza da ristorante.
## Perché scegliere il Burger di Fassona al Tartufo Bianco
✔ Carne 100% italiana di razza Fassona✔ Con vero tartufo bianco (Tuber magnatum Pico)✔ Taglio magro e altamente digeribile✔ Pronto da cuocere✔ Perfetto per cucina gourmet domestica
È la scelta ideale per chi cerca un burger raffinato e diverso dal solito.
## Ingredienti
Carne bovina di razza Fassona 98%
Tartufo bianco 1% (Tuber magnatum Pico)
Sale
Aromi naturali
Ingredienti essenziali per valorizzare la qualità della materia prima.
## Profilo Sensoriale
Aroma: intenso ed elegante, tipico del tartufo bianco
Gusto: delicato ma persistente
Texture: tenera e succosa
Equilibrio: perfetta armonia tra carne e tartufo
Il tartufo bianco dona una nota aromatica sofisticata senza coprire la naturale dolcezza della Fassona.
## Come Cucinarlo (Consigli Chef)
### In padella
Scaldare bene la piastra
Cuocere 3–4 minuti per lato
Evitare di schiacciare la carne
### Alla griglia
Ideale per barbecue gourmet.
### Al forno
Cuocere a 180°C per circa 10–12 minuti.
### Consiglio gourmet
Servire con:
pane brioche tostato
crema di parmigiano
qualche goccia di olio al tartufo bianco
## Idee di Abbinamento
Panino gourmet con cipolla caramellata
Patate arrosto o chips artigianali
Verdure grigliate
Vini rossi eleganti o bollicine metodo classico
## Conservazione
Conservare tra 0°C e +4°C (o secondo indicazioni in etichetta)
Consumare entro la data indicata
Prodotto pronto da cuocere
Peso: 200 g
## Domande Frequenti (FAQ)
Che differenza c’è tra tartufo bianco e nero?
Il tartufo bianco ha un aroma più intenso, elegante e persistente, considerato il più pregiato in cucina.
La carne è italiana?
Sì, proviene da bovini di razza Fassona 100% italiani.
È già pronto da cucinare?
Sì, basta cuocerlo direttamente in padella, griglia o forno.
È adatto per burger gourmet?
È stato pensato proprio per panini e piatti gourmet di alto livello.",,,,,,,,220 gr | 125 gr,,,false,,true,true,2026-09-13T20:56:00+02:00,2026-09-13
,luxureat:9840301572394,grani-di-gambero-rosso-di-mazara-del-vallo-50-gr,Grani di gambero rosso di Mazara del Vallo,EUR,54.90,,false,LuxurEat,https://luxureat.it/products/grani-di-gambero-rosso-di-mazara-del-vallo-50-gr,https://cdn.shopify.com/s/files/1/0926/2609/2330/files/mazara-red-shrimps-grains_7b446eba-1ed5-4b34-9cc7-aafee237d84a.png?v=1752651523,"I Grani di Gambero Rosso di Mazara del Vallo sono piccoli bocconi ricavati dalla polpa selezionata del celebre Aristaeomorpha foliacea, considerato uno dei crostacei più pregiati al mondo.","Grani di Gambero Rosso di Mazara del Vallo – Eccellenza Mediterranea Gourmet
I Grani di Gambero Rosso di Mazara del Vallo sono piccoli bocconi ricavati dalla polpa selezionata del celebre Aristaeomorpha foliacea, considerato uno dei crostacei più pregiati al mondo.
Dal gusto intenso e naturalmente dolce, rappresentano un ingrediente gourmet ideale per preparazioni raffinate e piatti di alta cucina.
Pronti all’uso, permettono di portare in tavola tutta l’eccellenza del mare con semplicità.
## Perché scegliere i Grani di Gambero Rosso
✔ Materia prima premium di Mazara del Vallo✔ Polpa selezionata pronta all’utilizzo✔ Sapore marino intenso e naturale✔ Ideali per consumo a crudo o leggermente scottati✔ Perfetti per cucina gourmet domestica e professionale
Un prodotto pensato per chi cerca qualità assoluta senza compromessi.
## Profilo Sensoriale
Colore: rosso brillante naturale
Aroma: intenso e iodato
Gusto: dolce, marino e persistente
Texture: morbida e vellutata
Il gambero rosso di Mazara è celebre per la sua dolcezza unica e l’elevata concentrazione aromatica.
## Come Utilizzarli
### Perfetti per:
Tartare e crudi di mare
Pasta gourmet ai crostacei
Risotti raffinati
Carpacci e antipasti premium
Finger food e impiattamenti fine dining
### Consiglio da chef
Utilizzarli a crudo con:
olio extravergine delicato
scorza di agrumi
sale Maldon
per esaltarne la dolcezza naturale.
## Conservazione
Conservare a -18°C
Scongelare lentamente in frigorifero
Consumare entro 24 ore dallo scongelamento
Non ricongelare
## Idee di Abbinamento
Champagne Brut o Extra Brut
Franciacorta
Pasta fresca all’uovo
Burrata o stracciatella
Condimenti al tartufo per versioni luxury
## Domande Frequenti (FAQ)
I grani sono adatti al consumo a crudo?
Sì, seguendo le corrette modalità di scongelamento e conservazione.
Cosa significa “grani”?
Sono piccoli bocconi di polpa selezionata già pronti all’utilizzo, ideali per preparazioni rapide gourmet.
Da dove proviene il gambero?
Dal Mediterraneo, area di Mazara del Vallo, rinomata per la qualità del gambero rosso.",,,,,,,,30 gr | 50 gr,,,false,,true,true,2026-09-13T20:56:00+02:00,2026-09-13
,luxureat:9840218865962,caviale-russian-oscietra,Caviale Russian Oscetra,EUR,67.10,,false,LuxurEat,https://luxureat.it/products/caviale-russian-oscietra,https://cdn.shopify.com/s/files/1/0926/2609/2330/files/LuxurEat-Caviar-Russian-Oscietra.png?v=1752648623,"Il Caviale Russian Oscetra proviene dallo storione russo Acipenser gueldenstaedtii, specie storicamente legata alle acque del Mar Caspio e del Mar Nero e considerata tra le più pregiate nella tradizione del caviale.","Caviale Russian Oscetra – Caviale Premium dallo Storione Russo | Acquista Online
Il Caviale Russian Oscetra proviene dallo storione russo Acipenser gueldenstaedtii, specie storicamente legata alle acque del Mar Caspio e del Mar Nero e considerata tra le più pregiate nella tradizione del caviale.
Le uova vengono raccolte dopo una lunga maturazione di circa 10 anni, periodo essenziale per sviluppare il suo profilo aromatico ricco, raffinato e persistente.
È uno dei caviali più apprezzati dagli intenditori per equilibrio, complessità e versatilità gastronomica.
## Caratteristiche del Caviale Russian Oscetra
Diametro: medio (2,9 – 3,1 mm)
Colore: dal marrone dorato al grigio scuro
Texture: soda e cremosa
Specie: Acipenser gueldenstaedtii
Data di conservazione: 6 mesi (confezione chiusa)
## Profilo Aromatico e Gusto
Il Russian Oscetra è celebre per il suo equilibrio unico:
note eleganti di frutta secca e nocciola
sfumature burrose e cremose
delicato sentore marino finale
persistenza lunga e armoniosa
Le perle compatte rilasciano lentamente l’aroma, offrendo una degustazione sofisticata e progressiva.
## Perché scegliere il Caviale Russian Oscetra
✔ Storione russo di alta qualità✔ Maturazione lenta (circa 10 anni)✔ Profilo aromatico complesso✔ Ideale per degustazioni gourmet✔ Perfetto per ristorazione e occasioni speciali
È il caviale ideale per chi desidera un’esperienza autentica e tradizionale.
## Come Gustarlo al Meglio
### Temperatura di servizio
Servire tra +8°C e +10°C.
### Utensili consigliati
Utilizzare cucchiaini in madreperla, vetro o corno per non alterare il gusto.
### Abbinamenti perfetti
Champagne Brut o Blanc de Blancs
Vodka premium ghiacciata
Blinis con panna acida
Uova morbide o patate novelle
## Conservazione
Conservare tra 0°C e +4°C
Non congelare
Dopo l’apertura consumare entro 24–48 ore
Tenere sempre ben refrigerato
## Domande Frequenti (FAQ)
Qual è la differenza tra Oscetra e Beluga?
L’Oscetra presenta un gusto più complesso e nocciolato, mentre il Beluga è più cremoso e delicato.
È adatto per una prima degustazione?
Sì, è uno dei caviali più equilibrati e apprezzati anche da chi si avvicina al mondo del caviale.
Quanto dura il caviale?
Fino a 6 mesi se conservato correttamente chiuso tra 0° e +4°C.",,,,,,,,30 gr | 50 gr | 100 gr | 1000 gr,,,false,,true,true,2026-09-13T20:56:00+02:00,2026-09-13
,luxureat:9727303680298,cioccolatini-al-tartufo-nero-e-bianco-50-gr,Cioccolatini al tartufo nero e bianco 50 gr,EUR,12.08,,false,LuxurEat,https://luxureat.it/products/cioccolatini-al-tartufo-nero-e-bianco-50-gr,https://cdn.shopify.com/s/files/1/0926/2609/2330/files/White-BlackTruffle-Chocolate.png?v=1741840370,I Cioccolatini al Tartufo Nero e Bianco rappresentano un incontro raffinato tra la dolcezza avvolgente del cioccolato e l’aroma intenso e sofisticato del tartufo.,"Cioccolatini al Tartufo Nero e Bianco 50 g – Praline Gourmet
I Cioccolatini al Tartufo Nero e Bianco rappresentano un incontro raffinato tra la dolcezza avvolgente del cioccolato e l’aroma intenso e sofisticato del tartufo.
Una prelibatezza gourmet pensata per chi ama sapori ricercati e combinazioni fuori dall’ordinario, capace di trasformare ogni assaggio in un’esperienza sensoriale unica.
Perfetti come dessert elegante o idea regalo gastronomica di prestigio.
## Perché scegliere questi cioccolatini al tartufo
✔ Abbinamento esclusivo tartufo nero e tartufo bianco✔ Cioccolato di alta qualità✔ Esperienza gourmet originale✔ Ideali come regalo raffinato✔ Formato compatto da 50 g
Un equilibrio perfetto tra dolcezza e carattere aromatico.
## Profilo Sensoriale
Aroma: intenso e avvolgente con note di tartufo
Gusto: equilibrato tra dolcezza e sfumature terrose
Texture: morbida e vellutata
Persistenza: lunga e raffinata
Il contrasto tra tartufo nero e bianco crea una degustazione complessa e sorprendente.
## Ideali per
Fine pasto gourmet
Degustazioni speciali
Regali eleganti
Abbinamenti con vini da meditazione
Momenti di relax premium
### Abbinamenti consigliati
Passiti e vini liquorosi
Rum o whisky morbidi
Caffè espresso intenso
Champagne demi-sec
## Formato
Peso netto: 50 g
Confezione elegante, ideale anche come piccola idea regalo gourmet
## Conservazione
Conservare in luogo fresco e asciutto
Tenere lontano da fonti di calore e luce diretta",,,,,,,,50 gr,,,false,,true,true,2026-09-13T20:56:00+02:00,2026-09-13
,luxureat:9726396268842,tartare-di-gambero-rosa-di-mazara-del-vallo,Tartare di gambero rosa di Mazara del Vallo,EUR,22.81,,false,LuxurEat,https://luxureat.it/products/tartare-di-gambero-rosa-di-mazara-del-vallo,https://cdn.shopify.com/s/files/1/0926/2609/2330/files/PinkShrimpTartare_MazaradelVallo.png?v=1741749702,"La Tartare di Gambero Rosa di Mazara del Vallo è una preparazione gourmet ottenuta da gamberi pescati nel Mar Mediterraneo, rinomati per la loro carne tenera e naturalmente dolce.","Tartare di Gambero Rosa di Mazara del Vallo – Crudo di Mare Premium Mediterraneo
La Tartare di Gambero Rosa di Mazara del Vallo è una preparazione gourmet ottenuta da gamberi pescati nel Mar Mediterraneo, rinomati per la loro carne tenera e naturalmente dolce.
Grazie alla qualità della materia prima e alla lavorazione accurata, offre un gusto elegante e delicato, ideale per antipasti raffinati e piatti di alta cucina.
Un crudo di mare pensato per chi desidera portare a tavola l’eccellenza mediterranea con semplicità.
## Sicurezza Alimentare Garantita
Il prodotto è idoneo al consumo a crudo grazie a:
✔ Processo di abbattimento termico conforme alla normativa✔ Conservazione controllata a temperatura negativa✔ Catena del freddo garantita durante la spedizione✔ Prodotto pronto da scongelare e servire
Puoi gustarlo in totale sicurezza direttamente a casa.
## Origine e Qualità
Provenienza: Mazara del Vallo
Zona di pesca: Mar Mediterraneo (FAO 37)
Stato fisico: Congelato
Tipologia: crostaceo premium mediterraneo
Mazara del Vallo è riconosciuta a livello internazionale per l’eccellenza dei suoi crostacei.
## Caratteristiche Organolettiche
Colore: rosa brillante naturale
Odore: fresco, delicatamente marino
Gusto: dolce ed equilibrato
Texture: morbida e vellutata
Il gambero rosa si distingue per una finezza aromatica più delicata rispetto al gambero rosso.
## Come Servirla
### Perfetta per:
Antipasti gourmet
Tartare e crudi di mare
Carpacci di crostacei
Finger food raffinati
Cucina fine dining
### Consiglio da chef
Condire con:
olio extravergine delicato
scorza di limone o lime
pepe rosa
per valorizzarne la dolcezza naturale.
## Conservazione
Conservare a -18°C
Scongelare lentamente in frigorifero
Consumare entro 24 ore dallo scongelamento
Non ricongelare
## Idee di Abbinamento
Champagne Brut
Franciacorta
Vini bianchi minerali
Burrata o stracciatella
Condimenti leggeri al tartufo per versioni gourmet
## Domande Frequenti (FAQ)
È adatta al consumo a crudo?
Sì, grazie al processo di abbattimento termico conforme alla normativa.
Che differenza c’è tra gambero rosa e rosso?
Il gambero rosa ha un gusto più delicato e leggermente dolce, mentre il rosso è più intenso e iodato.
Come va scongelata?
Lentamente in frigorifero per preservare texture e sapore.",,,,,,,,100 gr,,,false,,true,true,2026-09-13T20:56:00+02:00,2026-09-13
,luxureat:9726394007850,tartare-di-gambero-rosso-di-mazara-del-vallo,Tartare di gambero rosso di Mazara del vallo,EUR,24.16,,false,LuxurEat,https://luxureat.it/products/tartare-di-gambero-rosso-di-mazara-del-vallo,https://cdn.shopify.com/s/files/1/0926/2609/2330/files/RedShrimpTartare_MazaradelVallo.png?v=1741749414,Tartare di Gambero Rosso di Mazara del Vallo – Crudo di Mare Premium Mediterraneo,"Tartare di Gambero Rosso di Mazara del Vallo – Crudo di Mare Premium Mediterraneo
La Tartare di Gambero Rosso di Mazara del Vallo è una specialità gourmet ottenuta da gamberi pescati nelle acque profonde del Mar Mediterraneo, rinomate a livello internazionale per la qualità straordinaria dei loro crostacei.
Caratterizzata da un gusto naturalmente dolce e intenso, rappresenta uno dei crudi di mare più pregiati della cucina italiana.
Perfetta per antipasti raffinati e preparazioni fine dining, porta a tavola tutta la purezza del mare.
## Sicurezza Alimentare Garantita
Il prodotto è idoneo al consumo a crudo grazie a:
✔ Processo di abbattimento termico conforme alla normativa✔ Conservazione controllata a temperatura negativa✔ Catena del freddo mantenuta durante la spedizione✔ Prodotto pronto da scongelare e servire
Massima sicurezza senza rinunciare alla freschezza.
## Origine e Qualità
Provenienza: Mazara del Vallo
Zona di pesca: Mar Mediterraneo (FAO 37)
Stato fisico: Congelato
Tipologia: crostaceo premium
Il gambero rosso di Mazara è considerato uno dei migliori al mondo per dolcezza e intensità aromatica.
## Caratteristiche Organolettiche
Colore: rosso brillante naturale
Odore: fresco e marino
Gusto: dolce, intenso e persistente
Texture: morbida e vellutata
La sua naturale dolcezza lo rende ideale per il consumo a crudo.
## Come Gustarla al Meglio
### Perfetta per:
Antipasti gourmet
Tartare e crudi di mare
Carpacci di crostacei
Piatti fine dining
Finger food eleganti
### Consiglio da chef
Servire con:
olio extravergine delicato
scorza di lime o limone
sale Maldon
pepe rosa
per esaltare la dolcezza naturale del gambero.
## Conservazione
Conservare a -18°C
Scongelare lentamente in frigorifero
Consumare entro 24 ore dallo scongelamento
Non ricongelare
## Idee di Abbinamento
Champagne Brut o Extra Brut
Franciacorta
Vini bianchi minerali
Burrata o stracciatella
Condimenti al tartufo per versioni luxury
## Domande Frequenti (FAQ)
È adatta al consumo a crudo?
Sì, grazie al processo di abbattimento termico conforme alla normativa.
Che differenza c’è tra gambero rosso e rosa?
Il gambero rosso ha un gusto più intenso, iodato e persistente, mentre il rosa è più delicato.
Come va scongelata correttamente?
Lentamente in frigorifero per mantenere struttura e sapore.",,,,,,,,100 gr,,,false,,true,true,2026-09-13T20:56:00+02:00,2026-09-13
,luxureat:9725600071978,olio-di-oliva-al-tartufo-nero-250-ml,Olio Extra vergine di oliva al tartufo nero 250 ml,EUR,17.69,,false,LuxurEat,https://luxureat.it/products/olio-di-oliva-al-tartufo-nero-250-ml,https://cdn.shopify.com/s/files/1/0926/2609/2330/files/LuxureatOilBlack-BL-23.png?v=1741666150,Olio Extra Vergine di Oliva al Tartufo Nero 250 ml – Condimento Gourmet al Tartufo,"Olio Extra Vergine di Oliva al Tartufo Nero 250 ml – Condimento Gourmet al Tartufo
L’Olio Extra Vergine di Oliva al Tartufo Nero è un condimento gourmet ottenuto da olio extravergine di oliva di qualità, aromatizzato con tartufo nero (Tuber melanosporum Vitt.), uno dei tartufi più pregiati in cucina.
Pensato per esaltare ogni preparazione con eleganza, dona ai piatti un aroma intenso e raffinato tipico della cucina italiana d’eccellenza.
Bastano poche gocce per trasformare una ricetta semplice in un piatto gourmet.
## Perché scegliere questo olio al tartufo nero
✔ Olio extravergine di oliva di qualità✔ Aroma di tartufo nero elegante e persistente✔ Ideale per utilizzo a crudo✔ Perfetto per cucina gourmet quotidiana✔ Formato pratico da 250 ml
Un ingrediente versatile, indispensabile per gli amanti del tartufo.
## Profilo Sensoriale
Aroma: intenso e avvolgente di tartufo nero
Gusto: equilibrato, ricco e armonico
Persistenza: lunga e raffinata
Texture: fluida e delicata
L’olio EVO valorizza il tartufo senza coprire i sapori del piatto.
## Come Utilizzarlo
### Ideale per:
Crostini e bruschette
Antipasti gourmet
Pasta fresca e risotti
Uova e frittate
Carni e secondi piatti
Ripieni e farce aromatiche
### Consiglio da chef
Aggiungere sempre a fine cottura per preservare al massimo l’aroma del tartufo.
## Ingredienti
Olio extravergine di oliva
Aroma di tartufo nero (Tuber melanosporum Vitt.)
## Conservazione
Conservare in luogo fresco e asciutto
Tenere lontano da luce e fonti di calore
Richiudere bene dopo l’uso
Formato: 250 ml
## Idee di Abbinamento
Parmigiano Reggiano
Patate arrosto
Funghi trifolati
Tartare di carne
Verdure grigliate
## Domande Frequenti (FAQ)
Va usato in cottura o a crudo?
Preferibilmente a crudo o a fine cottura per mantenere l’aroma.
È molto intenso?
Ha un profilo aromatico equilibrato, adatto sia a piatti semplici sia gourmet.
Quanto olio usare?
Poche gocce sono sufficienti per aromatizzare il piatto.",,,,,,,,250 ml,,,false,,true,true,2026-09-13T20:56:00+02:00,2026-09-13
,luxureat:9725599351082,olio-di-oliva-al-tartufo-bianco-250-ml,Olio Extra vergine di oliva al tartufo bianco 250 ml,EUR,20.13,,false,LuxurEat,https://luxureat.it/products/olio-di-oliva-al-tartufo-bianco-250-ml,https://cdn.shopify.com/s/files/1/0926/2609/2330/files/LuxureatOil-BL-2.png?v=1741665903,Olio Extra Vergine di Oliva al Tartufo Bianco 250 ml – Condimento Gourmet Premium,"Olio Extra Vergine di Oliva al Tartufo Bianco 250 ml – Condimento Gourmet Premium
L’Olio Extra Vergine di Oliva al Tartufo Bianco è un condimento raffinato ottenuto da olio extravergine di oliva di qualità, aromatizzato con tartufo bianco (Tuber magnatum Pico), il più pregiato e aromatico tra i tartufi.
Pensato per esaltare piatti semplici e preparazioni gourmet, dona un profumo intenso ed elegante capace di trasformare ogni ricetta in un’esperienza gastronomica superiore.
Bastano poche gocce per sprigionare tutto il fascino del tartufo bianco.
## Perché scegliere questo olio al tartufo bianco
✔ Olio extravergine di oliva selezionato✔ Aroma raffinato di tartufo bianco✔ Ideale per utilizzo a crudo✔ Perfetto per cucina gourmet quotidiana✔ Formato pratico da 250 ml
Un ingrediente essenziale per gli amanti dei sapori sofisticati.
## Profilo Sensoriale
Aroma: intenso, elegante e persistente
Gusto: delicato ma distintivo
Persistenza: lunga e armonica
Texture: fluida e leggera
Il tartufo bianco offre una nota aromatica più fine e sofisticata rispetto al tartufo nero.
## Come Utilizzarlo
### Ideale per:
Crostini e bruschette
Antipasti gourmet
Risotti e pasta fresca
Uova e frittate
Carni bianche e verdure
Ripieni e preparazioni al tartufo
### Consiglio da chef
Aggiungere sempre a fine cottura o direttamente nel piatto per preservare al massimo l’aroma del tartufo bianco.
## Ingredienti
Olio extravergine di oliva
Aroma di tartufo bianco (Tuber magnatum Pico)
## Conservazione
Conservare in luogo fresco e asciutto
Tenere lontano da luce e fonti di calore
Richiudere bene dopo l’uso
Formato: 250 ml
## Idee di Abbinamento
Risotto al parmigiano
Tagliolini freschi
Uova al tegamino
Patate arrosto
Carpacci di carne o pesce
## Domande Frequenti (FAQ)
Va utilizzato in cottura?
Meglio a crudo o a fine cottura per preservare il profumo del tartufo bianco.
Qual è la differenza con l’olio al tartufo nero?
Il tartufo bianco ha un aroma più elegante e delicato, ideale per piatti raffinati.
Quanto usarne?
Poche gocce sono sufficienti per aromatizzare il piatto.",,,,,,,,250 ml,,,false,,true,true,2026-09-13T20:56:00+02:00,2026-09-13
,luxureat:9725167534378,caviale-russian-oscietra-30-gr,Caviale Royal Oscetra,EUR,111.63,,false,LuxurEat,https://luxureat.it/products/caviale-russian-oscietra-30-gr,https://cdn.shopify.com/s/files/1/0926/2609/2330/files/Caviale_Royal_Oscietra.png?v=1763654531,"Il Caviale Royal Oscetra rappresenta una delle espressioni più prestigiose del caviale premium mondiale. Proveniente da storioni allevati in uno degli impianti acquatici più avanzati al mondo, viene selezionato esclusivamente da esemplari maturi dopo almeno 12 anni di crescita.","Caviale Royal Oscetra – Caviale Premium Malossol
Il Caviale Royal Oscetra rappresenta una delle espressioni più prestigiose del caviale premium mondiale. Proveniente da storioni allevati in uno degli impianti acquatici più avanzati al mondo, viene selezionato esclusivamente da esemplari maturi dopo almeno 12 anni di crescita.
La lavorazione secondo il metodo Malossol — caratterizzato da una salatura minima — preserva la purezza delle uova e valorizza un profilo aromatico elegante, complesso e perfettamente equilibrato.
Un caviale destinato a veri intenditori e alla ristorazione d’eccellenza.
## Caratteristiche del Caviale Royal Oscetra
Diametro: grande (circa 2,9 – 3,1 mm)
Colore: dal grigio perla al marrone fino al giallo dorato
Texture: morbida e setosa
Metodo di salatura: Malossol (bassa salinità)
Data di conservazione: 6 mesi (confezione chiusa)
## Profilo Aromatico e Gusto
Il Royal Oscetra si distingue per un gusto:
limpido e raffinato
delicatamente salino
con eleganti note di noce moscata
sfumature burrose e nocciolate
finale lungo e armonioso
Le perle si sciolgono lentamente in bocca, regalando una sensazione vellutata e sofisticata.
## Perché scegliere il Caviale Royal Oscetra
✔ Selezione da storioni maturi (oltre 12 anni)✔ Grana grande ideale per degustazioni gourmet✔ Lavorazione Malossol tradizionale✔ Perfetto per eventi esclusivi e fine dining✔ Spedizione refrigerata garantita
È uno dei caviali più apprezzati per equilibrio tra intensità aromatica ed eleganza.
## Come gustare il Caviale Oscetra
### Temperatura di servizio
Servire tra +8°C e +10°C.
### Utensili consigliati
Utilizzare cucchiaini in madreperla, vetro o corno per non alterare il gusto.
### Abbinamenti ideali
Champagne Brut o Blanc de Blancs
Vodka premium ghiacciata
Blinis con panna acida
Uova morbide o patate novelle
Perfetto anche su tartare di pesce e piatti gourmet.
## Conservazione
Conservare tra 0° e +4°C
Non congelare
Dopo l’apertura consumare entro 24–48 ore
Tenere sempre ben refrigerato
## Domande Frequenti (FAQ)
Cos’è il metodo Malossol?
È una tecnica di salatura leggera che preserva il gusto naturale del caviale.
Qual è la differenza tra Oscetra e Baerii?
L’Oscetra ha perle più grandi e un gusto più complesso e nocciolato.
È adatto come regalo?
Sì, è uno dei caviali più eleganti e apprezzati per regali premium.",,,,,,,,30 gr | 50 gr | 100 gr | 1000 gr,,,false,,true,true,2026-09-13T20:56:00+02:00,2026-09-13
,luxureat:9725156950314,caviale-royal-kaluga-30-gr,Caviale Royal Kaluga,EUR,96.38,,false,LuxurEat,https://luxureat.it/products/caviale-royal-kaluga-30-gr,https://cdn.shopify.com/s/files/1/0926/2609/2330/files/LuxurEat-Caviar-RoyalKaluga.png?v=1741595082,"Il Caviale Royal Kaluga proviene da uno speciale ibrido tra storione Kaluga e storione dell’Amur(Huso dauricus × Acipenser schrenckii), allevato secondo avanzati standard di aquafarming.","Caviale Royal Kaluga – Caviale Premium Malossol
Il Caviale Royal Kaluga proviene da uno speciale ibrido tra storione Kaluga e storione dell’Amur(Huso dauricus × Acipenser schrenckii), allevato secondo avanzati standard di aquafarming.
Le uova vengono raccolte esclusivamente da storioni maturi dopo oltre 12 anni di crescita, garantendo perle di grande calibro e un profilo aromatico straordinariamente elegante.
Grazie alla lavorazione Malossol, con salatura dolce e delicata, il caviale conserva tutta la purezza del gusto naturale.
Considerato oggi una delle alternative più raffinate al Beluga.
## Caratteristiche del Caviale Royal Kaluga
Diametro: grande (circa 3,0 – 3,3 mm)
Colore: dall’oro al grigio, marrone, grigio-nero e marrone dorato
Texture: morbida e vellutata
Metodo di salatura: Malossol (bassa salinità)
Data di conservazione: 6 mesi (confezione chiusa)
## Profilo Aromatico e Gusto
Il Royal Kaluga si distingue per un’esperienza gustativa estremamente raffinata:
aroma delicato ed elegante
note burrose e cremose
sapidità equilibrata
retrogusto lungo e persistente
Le grandi perle si sciolgono lentamente in bocca, regalando una degustazione morbida e avvolgente.
## Perché scegliere il Caviale Royal Kaluga
✔ Ibrido Kaluga-Amur di altissima qualità✔ Grana grande e uniforme✔ Profilo aromatico simile al Beluga✔ Lavorazione Malossol tradizionale✔ Perfetto per degustazioni di lusso
È uno dei caviali più apprezzati da chef e intenditori per eleganza e cremosità.
## Come Gustarlo al Meglio
### Temperatura di servizio
Servire tra +8°C e +10°C.
### Utensili consigliati
Utilizzare cucchiaini in madreperla o vetro per preservare il gusto.
### Abbinamenti ideali
Champagne Blanc de Blancs
Vodka premium ghiacciata
Blinis con panna acida
Patate novelle o uova morbide
Perfetto anche per impiattamenti fine dining.
## Conservazione
Conservare tra 0° e +4°C
Non congelare
Dopo l’apertura consumare entro 24–48 ore
Mantenere sempre refrigerato
## Domande Frequenti (FAQ)
Cos’è il caviale Kaluga?
È ottenuto da un ibrido di storione Kaluga e Amur, noto per le grandi perle e il gusto burroso.
È simile al Beluga?
Sì, viene spesso considerato l’alternativa moderna più vicina al Beluga per texture e cremosità.
Quanto dura il caviale?
Fino a 6 mesi se conservato correttamente chiuso tra 0° e +4°C.",,,,,,,,30 gr | 50 gr | 100 gr | 1000 gr,,,false,,true,true,2026-09-13T20:56:00+02:00,2026-09-13
,luxureat:9725156294954,caviale-royal-baerii-30-gr,Caviale Royal Baerii,EUR,81.86,,false,LuxurEat,https://luxureat.it/products/caviale-royal-baerii-30-gr,https://cdn.shopify.com/s/files/1/0926/2609/2330/files/LuxurEat-Caviar-RoyalBaerii.png?v=1741594695,"Il Caviale Royal Baerii proviene dallo storione siberiano Acipenser baerii, una delle specie più apprezzate nel mondo del caviale per la qualità costante e il profilo aromatico armonioso.","Caviale Royal Baerii – Caviale Siberiano Premium Malossol
Il Caviale Royal Baerii proviene dallo storione siberiano Acipenser baerii, una delle specie più apprezzate nel mondo del caviale per la qualità costante e il profilo aromatico armonioso.
Le uova vengono raccolte da esemplari maturi dopo oltre 7 anni di crescita, garantendo perle compatte e un gusto equilibrato, ideale sia per intenditori sia per chi desidera avvicinarsi al caviale premium.
Lavorato secondo il metodo Malossol, mantiene una salinità minima per preservare la purezza naturale del prodotto.
## Caratteristiche del Caviale Royal Baerii
Diametro: piccolo/medio (circa 2,7 – 2,8 mm)
Colore: nero intenso e grigio antracite
Texture: morbida e cremosa
Metodo di salatura: Malossol
Data di conservazione: 6 mesi (confezione chiusa)
## Profilo Aromatico e Gusto
Il Royal Baerii si distingue per un gusto:
nocciolato e burroso
leggermente speziato
equilibrato e persistente
delicato ma ricco di sfumature
Le perle si sciolgono delicatamente in bocca, offrendo una degustazione elegante e armoniosa.
## Perché scegliere il Caviale Royal Baerii
✔ Storione siberiano selezionato✔ Perfetto equilibrio tra qualità e accessibilità✔ Lavorazione Malossol tradizionale✔ Ideale per degustazioni e aperitivi gourmet✔ Spedizione refrigerata garantita
È uno dei caviali più versatili e apprezzati nella gastronomia contemporanea.
## Come gustarlo al meglio
### Temperatura di servizio
Servire tra +8°C e +10°C.
### Utensili consigliati
Utilizzare cucchiaini in madreperla, vetro o corno.
### Abbinamenti ideali
Champagne Brut
Vodka premium ghiacciata
Blinis con panna acida
Uova morbide o patate novelle
Perfetto anche per antipasti gourmet e finger food raffinati.
## Conservazione
Conservare tra 0° e +4°C
Non congelare
Dopo l’apertura consumare entro 24–48 ore
Mantenere sempre refrigerato
## Domande Frequenti (FAQ)
Il Baerii è adatto come primo caviale?
Sì, grazie al suo gusto equilibrato è spesso consigliato come introduzione al caviale.
Che differenza c’è tra Baerii e Oscetra?
Il Baerii ha perle leggermente più piccole e un gusto più morbido e burroso; l’Oscetra è più complesso e strutturato.
Quanto dura il caviale?
Fino a 6 mesi se conservato correttamente chiuso tra 0° e +4°C.",,,,,,,,30 gr | 50 gr | 100 gr | 1000 gr,,,false,,true,true,2026-09-13T20:56:00+02:00,2026-09-13
,luxureat:9725156032810,caviale-beluga-100-huso-huso,Caviale Beluga 100% (Huso Huso),EUR,178.12,,false,LuxurEat,https://luxureat.it/products/caviale-beluga-100-huso-huso,https://cdn.shopify.com/s/files/1/0926/2609/2330/files/LuxurEat-Caviar-Beluga100.png?v=1741594863,"Il Caviale Beluga 100% (Huso Huso) rappresenta la massima espressione del lusso gastronomico. Ottenuto dal più grande e prestigioso degli storioni, lo Huso huso, è considerato uno dei caviali più rari, esclusivi e ricercati al mondo.","Caviale Beluga 100% (Huso Huso) – Caviale di Lusso Premium
Il Caviale Beluga 100% (Huso Huso) rappresenta la massima espressione del lusso gastronomico. Ottenuto dal più grande e prestigioso degli storioni, lo Huso huso, è considerato uno dei caviali più rari, esclusivi e ricercati al mondo.
Le uova vengono raccolte esclusivamente da esemplari maturi dopo almeno 16 anni di crescita, un lungo processo naturale che conferisce al Beluga la sua straordinaria complessità aromatica e la texture inconfondibilmente cremosa.
Un caviale destinato a veri intenditori e alle esperienze gastronomiche più esclusive.
## Caratteristiche del Caviale Beluga
Diametro: grande (circa 3,3 – 3,5 mm)
Colore: dal grigio perla al grigio scuro
Texture: estremamente morbida e vellutata
Specie: Huso Huso
Data di conservazione: 6 mesi (confezione chiusa)
Le grandi perle rappresentano uno dei tratti distintivi più iconici del Beluga.
## Profilo Aromatico e Gusto
Il Caviale Beluga offre un’esperienza gustativa unica:
note burrose e cremose
sentori eleganti di noce e nocciola
sapidità delicata e perfettamente equilibrata
finale lungo, raffinato e persistente
Le uova si sciolgono lentamente in bocca, regalando una degustazione morbida e avvolgente.
## Perché scegliere il Caviale Beluga
✔ Proveniente dal leggendario storione Huso Huso✔ Maturazione minima di 16 anni✔ Perle grandi e rare✔ Profilo aromatico superiore✔ Perfetto per degustazioni di altissimo livello
È il caviale simbolo dell’alta gastronomia internazionale.
## Come gustarlo al meglio
### Temperatura di servizio
Servire tra +8°C e +10°C.
### Utensili consigliati
Utilizzare cucchiaini in madreperla, vetro o corno (mai metallo).
### Abbinamenti ideali
Champagne Blanc de Blancs
Vodka premium ghiacciata
Blinis con panna acida
Patate novelle tiepide
Per una degustazione pura, si consiglia di assaggiarlo anche da solo.
## Conservazione
Conservare tra 0° e +4°C
Non congelare
Dopo l’apertura consumare entro 24–48 ore
Mantenere sempre refrigerato
## Domande Frequenti (FAQ)
Perché il Beluga è il caviale più costoso?
Perché proviene da uno storione che impiega oltre 15 anni per raggiungere la maturità e produce uova grandi e rare.
Che differenza c’è tra Beluga e Kaluga?
Il Beluga è più delicato e cremoso; il Kaluga è leggermente più strutturato e moderno nel profilo aromatico.
È adatto come prima esperienza?
È ideale per chi desidera provare il massimo livello qualitativo del caviale.",,,,,,,,30 gr | 50 gr | 100 gr | 1000 gr,,,false,,true,true,2026-09-13T20:56:00+02:00,2026-09-13
,luxureat:9725148758314,caviale-amur,Caviale Amur,EUR,89.30,,false,LuxurEat,https://luxureat.it/products/caviale-amur,https://cdn.shopify.com/s/files/1/0926/2609/2330/files/LuxurEat-Caviar-Amur.png?v=1741594272,"Il Caviale Amur proviene da uno speciale ibrido di storione Kaluga e storione dell’Amur(Huso dauricus × Acipenser schrenckii), allevato secondo avanzati standard di aquafarming.","Caviale Amur – Caviale Premium Malossol da Storione Kaluga-Amur
Il Caviale Amur proviene da uno speciale ibrido di storione Kaluga e storione dell’Amur(Huso dauricus × Acipenser schrenckii), allevato secondo avanzati standard di aquafarming.
Le uova vengono selezionate esclusivamente da storioni maturi dopo oltre 12 anni di crescita, garantendo perle grandi, consistenti e un profilo aromatico estremamente equilibrato.
Grazie alla lavorazione Malossol, con salatura dolce e delicata, il caviale mantiene intatta la purezza del gusto naturale.
Un caviale elegante, moderno e altamente apprezzato nella gastronomia gourmet contemporanea.
## Caratteristiche del Caviale Amur
Diametro: grande (circa 3,0 – 3,3 mm)
Colore: dall’oro al grigio, marrone, grigio-nero fino al marrone dorato
Texture: morbida e vellutata
Metodo di salatura: Malossol (bassa salinità)
Data di conservazione: 6 mesi (confezione chiusa)
## Profilo Aromatico e Gusto
Il Caviale Amur si distingue per un gusto:
burroso e armonioso
delicatamente sapido
elegante e persistente
con retrogusto lungo valorizzato dalla salatura dolce
Le perle si sciolgono lentamente in bocca, offrendo una degustazione raffinata e avvolgente.
## Perché scegliere il Caviale Amur
✔ Ibrido Kaluga-Amur di alta qualità✔ Grana grande e uniforme✔ Profilo aromatico elegante e moderno✔ Lavorazione Malossol tradizionale✔ Ideale per degustazioni gourmet e fine dining
È una scelta perfetta per chi desidera un caviale premium equilibrato tra intensità e delicatezza.
## Come gustarlo al meglio
### Temperatura di servizio
Servire tra +8°C e +10°C.
### Utensili consigliati
Utilizzare cucchiaini in madreperla, vetro o corno per preservare il gusto.
### Abbinamenti ideali
Champagne Brut o Blanc de Blancs
Vodka premium ghiacciata
Blinis con panna acida
Uova morbide o patate novelle
## Conservazione
Conservare tra 0° e +4°C
Non congelare
Dopo l’apertura consumare entro 24–48 ore
Mantenere sempre refrigerato
## Domande Frequenti (FAQ)
Cos’è il caviale Amur?
È ottenuto da un ibrido tra storione Kaluga e Amur, noto per perle grandi e gusto burroso.
È simile al Kaluga?
Sì, con un profilo aromatico leggermente più equilibrato e versatile.
Quanto dura il caviale?
Fino a 6 mesi se conservato correttamente chiuso tra 0° e +4°C.",,,,,,,,30 gr | 50 gr | 100 gr | 1000 gr,,,false,,true,true,2026-09-13T20:56:00+02:00,2026-09-13
,luxureat:salmon-tartare,salmon-tartare,Salmon Tartare,EUR,,,false,LuxurEat,https://luxureat.com/fish-tartare-category/,https://luxureat.com/wp-content/uploads/elementor/thumbs/tartare-di-salmone-rhlmicibzklkz588hffr64rdtjgwp91xomf961nfrc.png,"LuxurEat salmon tartare, prepared with selected salmon for refined appetizers and seafood dishes.","LuxurEat salmon tartare, prepared with selected salmon for refined appetizers and seafood dishes.
Scheda originale LuxurEat",,,,,,,,,,,true,0,false,true,,2026-09-13
,luxureat:precious-black-truffle,precious-black-truffle,Black Winter Truffle,EUR,,,false,LuxurEat,https://luxureat.com/precious-black-truffle/,https://luxureat.com/wp-content/uploads/2025/07/tartufo-nero-pregiato.jpg,"Black Winter Truffle (Tuber melanosporum), prized for its intense and refined aroma.","Black Winter Truffle (Tuber melanosporum), prized for its intense and refined aroma.
Scheda originale LuxurEat",,,,,,,,,,,true,0,false,true,,2026-09-13
,luxureat:white-truffle-tuber-magnatum,white-truffle-tuber-magnatum,White Truffle,EUR,,,false,LuxurEat,https://luxureat.com/white-truffle-tuber-magnatum/,https://luxureat.com/wp-content/uploads/2025/07/tartufo-bianco.jpg,"White Truffle (Tuber magnatum Pico), appreciated for its unique and unmistakable fragrance.","White Truffle (Tuber magnatum Pico), appreciated for its unique and unmistakable fragrance.
Scheda originale LuxurEat",,,,,,,,,,,true,0,false,true,,2026-09-13
,luxureat:bianchetto-truffle-tuber-albidum-pico,bianchetto-truffle-tuber-albidum-pico,Bianchetto Truffle,EUR,,,false,LuxurEat,https://luxureat.com/bianchetto-truffle-tuber-albidum-pico/,https://luxureat.com/wp-content/uploads/2025/07/tartufo-bianchetto.jpg,"Bianchetto Truffle (Tuber borchii Vitt.), known for its delicate and pleasant aroma.","Bianchetto Truffle (Tuber borchii Vitt.), known for its delicate and pleasant aroma.
Scheda originale LuxurEat",,,,,,,,,,,true,0,false,true,,2026-09-13
,luxureat:summer-black-truffle-tuber-aestivum,summer-black-truffle-tuber-aestivum,Summer Truffle,EUR,,,false,LuxurEat,https://luxureat.com/summer-black-truffle-tuber-aestivum/,https://luxureat.com/wp-content/uploads/2025/07/tartufo-estivo.jpg,"Summer Truffle (Tuber aestivum Vitt.), a versatile truffle with a delicate flavor.","Summer Truffle (Tuber aestivum Vitt.), a versatile truffle with a delicate flavor.
Scheda originale LuxurEat",,,,,,,,,,,true,0,false,true,,2026-09-13
,luxureat:whole-summer-truffle,whole-summer-truffle,Whole Summer Truffle,EUR,,,false,LuxurEat,https://luxureat.com/whole-summer-truffle/,https://luxureat.com/wp-content/uploads/2025/07/tartufo-intero-estivo.jpg,"Whole Summer Truffle, carefully preserved to maintain its natural aroma.","Whole Summer Truffle, carefully preserved to maintain its natural aroma.
Scheda originale LuxurEat",,,,,,,,,,,true,0,false,true,,2026-09-13
,luxureat:summer-truffle-slices,summer-truffle-slices,Summer Truffle Slices,EUR,,,false,LuxurEat,https://luxureat.com/summer-truffle-slices/,https://luxureat.com/wp-content/uploads/2025/07/lamelle-di-tartufo-estivo.jpg,Summer truffle slices ready for gourmet preparations and finishing dishes.,"Summer truffle slices ready for gourmet preparations and finishing dishes.
Scheda originale LuxurEat",,,,,,,,,,,true,0,false,true,,2026-09-13
